employee_id,department,salary,tenure,satisfaction_level,last_evaluation,number_project,average_monthly_hours,promotion_last_5years,left,risk_score,risk_band,risk_reasons,recommended_interventions
EMP06078,support,low,4,0.15,0.9,5,284,0,0,82.93,High,"['Low job satisfaction', 'In a historically high-attrition tenure window', 'No recent promotion / stalled growth']","['Start with a confidential stay interview to understand what is making the employee unhappy and agree on practical changes.', 'Use a focused engagement check-in or pulse survey to uncover the main source of dissatisfaction.', 'Create a short action plan with the employee and manager around the biggest day-to-day pain point.', 'Set up a career conversation covering the next role, new responsibilities, and what growth could look like over the next 6–12 months.', ""Explore a stretch assignment, mentoring opportunity, or internal move to keep the employee's next step visible."", ""Refresh the employee's development plan and create a concrete next milestone for progression."", 'Be explicit about promotion expectations, timing, and the skills or outcomes needed for the next step.', 'Create a visible growth plan with ownership of a project, mentoring, training, or another development opportunity.', 'Agree on a clear review point so the employee is not left with an open-ended promise about progression.']"
EMP10286,product_mng,low,4,0.16,0.97,6,282,0,0,82.2,High,"['Low job satisfaction', 'In a historically high-attrition tenure window', 'No recent promotion / stalled growth']","['Start with a confidential stay interview to understand what is making the employee unhappy and agree on practical changes.', 'Use a focused engagement check-in or pulse survey to uncover the main source of dissatisfaction.', 'Create a short action plan with the employee and manager around the biggest day-to-day pain point.', 'Set up a career conversation covering the next role, new responsibilities, and what growth could look like over the next 6–12 months.', ""Explore a stretch assignment, mentoring opportunity, or internal move to keep the employee's next step visible."", ""Refresh the employee's development plan and create a concrete next milestone for progression."", 'Be explicit about promotion expectations, timing, and the skills or outcomes needed for the next step.', 'Create a visible growth plan with ownership of a project, mentoring, training, or another development opportunity.', 'Agree on a clear review point so the employee is not left with an open-ended promise about progression.']"
EMP10029,technical,low,5,0.43,0.84,2,285,0,0,81.74,High,"['Low job satisfaction', 'Workload imbalance (too many or too few projects)', 'In a historically high-attrition tenure window']","['Start with a confidential stay interview to understand what is making the employee unhappy and agree on practical changes.', 'Use a focused engagement check-in or pulse survey to uncover the main source of dissatisfaction.', 'Create a short action plan with the employee and manager around the biggest day-to-day pain point.', 'Review project allocation and rebalance the workload so responsibilities are challenging without becoming overwhelming.', ""Clarify priorities, remove low-value work where possible, and make sure responsibilities match the employee's role and capacity."", 'Explore a better-fit assignment, additional support, or a stretch opportunity depending on the workload pattern.', 'Set up a career conversation covering the next role, new responsibilities, and what growth could look like over the next 6–12 months.', ""Explore a stretch assignment, mentoring opportunity, or internal move to keep the employee's next step visible."", ""Refresh the employee's development plan and create a concrete next milestone for progression.""]"
EMP05205,sales,medium,4,0.17,0.91,2,271,0,0,81.54,High,"['Low job satisfaction', 'Workload imbalance (too many or too few projects)', 'In a historically high-attrition tenure window']","['Start with a confidential stay interview to understand what is making the employee unhappy and agree on practical changes.', 'Use a focused engagement check-in or pulse survey to uncover the main source of dissatisfaction.', 'Create a short action plan with the employee and manager around the biggest day-to-day pain point.', 'Review project allocation and rebalance the workload so responsibilities are challenging without becoming overwhelming.', ""Clarify priorities, remove low-value work where possible, and make sure responsibilities match the employee's role and capacity."", 'Explore a better-fit assignment, additional support, or a stretch opportunity depending on the workload pattern.', 'Set up a career conversation covering the next role, new responsibilities, and what growth could look like over the next 6–12 months.', ""Explore a stretch assignment, mentoring opportunity, or internal move to keep the employee's next step visible."", ""Refresh the employee's development plan and create a concrete next milestone for progression.""]"
EMP10997,randd,low,4,0.19,0.83,5,280,0,0,80.87,High,"['Low job satisfaction', 'In a historically high-attrition tenure window', 'No recent promotion / stalled growth']","['Start with a confidential stay interview to understand what is making the employee unhappy and agree on practical changes.', 'Use a focused engagement check-in or pulse survey to uncover the main source of dissatisfaction.', 'Create a short action plan with the employee and manager around the biggest day-to-day pain point.', 'Set up a career conversation covering the next role, new responsibilities, and what growth could look like over the next 6–12 months.', ""Explore a stretch assignment, mentoring opportunity, or internal move to keep the employee's next step visible."", ""Refresh the employee's development plan and create a concrete next milestone for progression."", 'Be explicit about promotion expectations, timing, and the skills or outcomes needed for the next step.', 'Create a visible growth plan with ownership of a project, mentoring, training, or another development opportunity.', 'Agree on a clear review point so the employee is not left with an open-ended promise about progression.']"
EMP09520,it,low,6,0.27,0.85,2,277,0,0,80.83,High,"['Low job satisfaction', 'Workload imbalance (too many or too few projects)', 'No recent promotion / stalled growth']","['Start with a confidential stay interview to understand what is making the employee unhappy and agree on practical changes.', 'Use a focused engagement check-in or pulse survey to uncover the main source of dissatisfaction.', 'Create a short action plan with the employee and manager around the biggest day-to-day pain point.', 'Review project allocation and rebalance the workload so responsibilities are challenging without becoming overwhelming.', ""Clarify priorities, remove low-value work where possible, and make sure responsibilities match the employee's role and capacity."", 'Explore a better-fit assignment, additional support, or a stretch opportunity depending on the workload pattern.', 'Be explicit about promotion expectations, timing, and the skills or outcomes needed for the next step.', 'Create a visible growth plan with ownership of a project, mentoring, training, or another development opportunity.', 'Agree on a clear review point so the employee is not left with an open-ended promise about progression.']"
EMP08481,sales,low,5,0.25,0.98,6,287,0,0,80.57,High,"['Low job satisfaction', 'Unhealthy working hours (over/under-work)', 'In a historically high-attrition tenure window']","['Start with a confidential stay interview to understand what is making the employee unhappy and agree on practical changes.', 'Use a focused engagement check-in or pulse survey to uncover the main source of dissatisfaction.', 'Create a short action plan with the employee and manager around the biggest day-to-day pain point.', 'Review recent working hours, reset healthy boundaries, and rebalance work where sustained overwork is visible.', 'Discuss workload versus available capacity and encourage healthier working patterns, including time off where appropriate.', 'Look at the cause of unusually long or low hours and adjust staffing, priorities, or schedules where needed.', 'Set up a career conversation covering the next role, new responsibilities, and what growth could look like over the next 6–12 months.', ""Explore a stretch assignment, mentoring opportunity, or internal move to keep the employee's next step visible."", ""Refresh the employee's development plan and create a concrete next milestone for progression.""]"
EMP02180,support,low,5,0.18,0.8,2,110,0,0,79.6,High,"['Low job satisfaction', 'Workload imbalance (too many or too few projects)', 'Unhealthy working hours (over/under-work)']","['Start with a confidential stay interview to understand what is making the employee unhappy and agree on practical changes.', 'Use a focused engagement check-in or pulse survey to uncover the main source of dissatisfaction.', 'Create a short action plan with the employee and manager around the biggest day-to-day pain point.', 'Review project allocation and rebalance the workload so responsibilities are challenging without becoming overwhelming.', ""Clarify priorities, remove low-value work where possible, and make sure responsibilities match the employee's role and capacity."", 'Explore a better-fit assignment, additional support, or a stretch opportunity depending on the workload pattern.', 'Review recent working hours, reset healthy boundaries, and rebalance work where sustained overwork is visible.', 'Discuss workload versus available capacity and encourage healthier working patterns, including time off where appropriate.', 'Look at the cause of unusually long or low hours and adjust staffing, priorities, or schedules where needed.']"
EMP05832,technical,low,4,0.15,0.91,5,267,0,0,79.29,High,"['Low job satisfaction', 'In a historically high-attrition tenure window', 'No recent promotion / stalled growth']","['Start with a confidential stay interview to understand what is making the employee unhappy and agree on practical changes.', 'Use a focused engagement check-in or pulse survey to uncover the main source of dissatisfaction.', 'Create a short action plan with the employee and manager around the biggest day-to-day pain point.', 'Set up a career conversation covering the next role, new responsibilities, and what growth could look like over the next 6–12 months.', ""Explore a stretch assignment, mentoring opportunity, or internal move to keep the employee's next step visible."", ""Refresh the employee's development plan and create a concrete next milestone for progression."", 'Be explicit about promotion expectations, timing, and the skills or outcomes needed for the next step.', 'Create a visible growth plan with ownership of a project, mentoring, training, or another development opportunity.', 'Agree on a clear review point so the employee is not left with an open-ended promise about progression.']"
EMP06181,marketing,low,3,0.15,0.91,6,281,0,0,78.29,High,"['Low job satisfaction', 'No recent promotion / stalled growth', 'Below-market / low compensation band']","['Start with a confidential stay interview to understand what is making the employee unhappy and agree on practical changes.', 'Use a focused engagement check-in or pulse survey to uncover the main source of dissatisfaction.', 'Create a short action plan with the employee and manager around the biggest day-to-day pain point.', 'Be explicit about promotion expectations, timing, and the skills or outcomes needed for the next step.', 'Create a visible growth plan with ownership of a project, mentoring, training, or another development opportunity.', 'Agree on a clear review point so the employee is not left with an open-ended promise about progression.', 'Review pay against the role and market, and pair the conversation with recognition or other rewards where a change is not immediate.', 'Benchmark compensation for the role and explain the path for future pay progression as clearly as possible.', 'Consider a compensation review alongside recognition, bonus eligibility, flexibility, or development opportunities.']"
EMP02467,technical,low,4,0.32,0.42,2,99,0,0,78.15,High,"['Low job satisfaction', 'Workload imbalance (too many or too few projects)', 'Unhealthy working hours (over/under-work)']","['Start with a confidential stay interview to understand what is making the employee unhappy and agree on practical changes.', 'Use a focused engagement check-in or pulse survey to uncover the main source of dissatisfaction.', 'Create a short action plan with the employee and manager around the biggest day-to-day pain point.', 'Review project allocation and rebalance the workload so responsibilities are challenging without becoming overwhelming.', ""Clarify priorities, remove low-value work where possible, and make sure responsibilities match the employee's role and capacity."", 'Explore a better-fit assignment, additional support, or a stretch opportunity depending on the workload pattern.', 'Review recent working hours, reset healthy boundaries, and rebalance work where sustained overwork is visible.', 'Discuss workload versus available capacity and encourage healthier working patterns, including time off where appropriate.', 'Look at the cause of unusually long or low hours and adjust staffing, priorities, or schedules where needed.']"
EMP02198,it,medium,5,0.16,0.98,5,284,0,0,77.63,High,"['Low job satisfaction', 'In a historically high-attrition tenure window', 'No recent promotion / stalled growth']","['Start with a confidential stay interview to understand what is making the employee unhappy and agree on practical changes.', 'Use a focused engagement check-in or pulse survey to uncover the main source of dissatisfaction.', 'Create a short action plan with the employee and manager around the biggest day-to-day pain point.', 'Set up a career conversation covering the next role, new responsibilities, and what growth could look like over the next 6–12 months.', ""Explore a stretch assignment, mentoring opportunity, or internal move to keep the employee's next step visible."", ""Refresh the employee's development plan and create a concrete next milestone for progression."", 'Be explicit about promotion expectations, timing, and the skills or outcomes needed for the next step.', 'Create a visible growth plan with ownership of a project, mentoring, training, or another development opportunity.', 'Agree on a clear review point so the employee is not left with an open-ended promise about progression.']"
EMP09518,it,low,4,0.45,0.87,2,268,0,0,77.5,High,"['Low job satisfaction', 'Workload imbalance (too many or too few projects)', 'In a historically high-attrition tenure window']","['Start with a confidential stay interview to understand what is making the employee unhappy and agree on practical changes.', 'Use a focused engagement check-in or pulse survey to uncover the main source of dissatisfaction.', 'Create a short action plan with the employee and manager around the biggest day-to-day pain point.', 'Review project allocation and rebalance the workload so responsibilities are challenging without becoming overwhelming.', ""Clarify priorities, remove low-value work where possible, and make sure responsibilities match the employee's role and capacity."", 'Explore a better-fit assignment, additional support, or a stretch opportunity depending on the workload pattern.', 'Set up a career conversation covering the next role, new responsibilities, and what growth could look like over the next 6–12 months.', ""Explore a stretch assignment, mentoring opportunity, or internal move to keep the employee's next step visible."", ""Refresh the employee's development plan and create a concrete next milestone for progression.""]"
EMP09820,technical,low,6,0.14,0.83,6,275,0,0,77.3,High,"['Low job satisfaction', 'No recent promotion / stalled growth', 'Below-market / low compensation band']","['Start with a confidential stay interview to understand what is making the employee unhappy and agree on practical changes.', 'Use a focused engagement check-in or pulse survey to uncover the main source of dissatisfaction.', 'Create a short action plan with the employee and manager around the biggest day-to-day pain point.', 'Be explicit about promotion expectations, timing, and the skills or outcomes needed for the next step.', 'Create a visible growth plan with ownership of a project, mentoring, training, or another development opportunity.', 'Agree on a clear review point so the employee is not left with an open-ended promise about progression.', 'Review pay against the role and market, and pair the conversation with recognition or other rewards where a change is not immediate.', 'Benchmark compensation for the role and explain the path for future pay progression as clearly as possible.', 'Consider a compensation review alongside recognition, bonus eligibility, flexibility, or development opportunities.']"
EMP04829,accounting,low,4,0.17,0.82,6,259,0,0,76.97,High,"['Low job satisfaction', 'In a historically high-attrition tenure window', 'No recent promotion / stalled growth']","['Start with a confidential stay interview to understand what is making the employee unhappy and agree on practical changes.', 'Use a focused engagement check-in or pulse survey to uncover the main source of dissatisfaction.', 'Create a short action plan with the employee and manager around the biggest day-to-day pain point.', 'Set up a career conversation covering the next role, new responsibilities, and what growth could look like over the next 6–12 months.', ""Explore a stretch assignment, mentoring opportunity, or internal move to keep the employee's next step visible."", ""Refresh the employee's development plan and create a concrete next milestone for progression."", 'Be explicit about promotion expectations, timing, and the skills or outcomes needed for the next step.', 'Create a visible growth plan with ownership of a project, mentoring, training, or another development opportunity.', 'Agree on a clear review point so the employee is not left with an open-ended promise about progression.']"
EMP04593,sales,low,3,0.2,0.96,2,249,0,0,76.93,High,"['Low job satisfaction', 'Workload imbalance (too many or too few projects)', 'No recent promotion / stalled growth']","['Start with a confidential stay interview to understand what is making the employee unhappy and agree on practical changes.', 'Use a focused engagement check-in or pulse survey to uncover the main source of dissatisfaction.', 'Create a short action plan with the employee and manager around the biggest day-to-day pain point.', 'Review project allocation and rebalance the workload so responsibilities are challenging without becoming overwhelming.', ""Clarify priorities, remove low-value work where possible, and make sure responsibilities match the employee's role and capacity."", 'Explore a better-fit assignment, additional support, or a stretch opportunity depending on the workload pattern.', 'Be explicit about promotion expectations, timing, and the skills or outcomes needed for the next step.', 'Create a visible growth plan with ownership of a project, mentoring, training, or another development opportunity.', 'Agree on a clear review point so the employee is not left with an open-ended promise about progression.']"
EMP09219,product_mng,medium,4,0.17,0.81,5,280,0,0,76.47,High,"['Low job satisfaction', 'In a historically high-attrition tenure window', 'No recent promotion / stalled growth']","['Start with a confidential stay interview to understand what is making the employee unhappy and agree on practical changes.', 'Use a focused engagement check-in or pulse survey to uncover the main source of dissatisfaction.', 'Create a short action plan with the employee and manager around the biggest day-to-day pain point.', 'Set up a career conversation covering the next role, new responsibilities, and what growth could look like over the next 6–12 months.', ""Explore a stretch assignment, mentoring opportunity, or internal move to keep the employee's next step visible."", ""Refresh the employee's development plan and create a concrete next milestone for progression."", 'Be explicit about promotion expectations, timing, and the skills or outcomes needed for the next step.', 'Create a visible growth plan with ownership of a project, mentoring, training, or another development opportunity.', 'Agree on a clear review point so the employee is not left with an open-ended promise about progression.']"
EMP06462,management,low,5,0.14,0.72,6,100,0,0,76.3,High,"['Low job satisfaction', 'Unhealthy working hours (over/under-work)', 'In a historically high-attrition tenure window']","['Start with a confidential stay interview to understand what is making the employee unhappy and agree on practical changes.', 'Use a focused engagement check-in or pulse survey to uncover the main source of dissatisfaction.', 'Create a short action plan with the employee and manager around the biggest day-to-day pain point.', 'Review recent working hours, reset healthy boundaries, and rebalance work where sustained overwork is visible.', 'Discuss workload versus available capacity and encourage healthier working patterns, including time off where appropriate.', 'Look at the cause of unusually long or low hours and adjust staffing, priorities, or schedules where needed.', 'Set up a career conversation covering the next role, new responsibilities, and what growth could look like over the next 6–12 months.', ""Explore a stretch assignment, mentoring opportunity, or internal move to keep the employee's next step visible."", ""Refresh the employee's development plan and create a concrete next milestone for progression.""]"
EMP08505,technical,low,4,0.3,0.98,2,109,0,0,76.25,High,"['Low job satisfaction', 'Workload imbalance (too many or too few projects)', 'Unhealthy working hours (over/under-work)']","['Start with a confidential stay interview to understand what is making the employee unhappy and agree on practical changes.', 'Use a focused engagement check-in or pulse survey to uncover the main source of dissatisfaction.', 'Create a short action plan with the employee and manager around the biggest day-to-day pain point.', 'Review project allocation and rebalance the workload so responsibilities are challenging without becoming overwhelming.', ""Clarify priorities, remove low-value work where possible, and make sure responsibilities match the employee's role and capacity."", 'Explore a better-fit assignment, additional support, or a stretch opportunity depending on the workload pattern.', 'Review recent working hours, reset healthy boundaries, and rebalance work where sustained overwork is visible.', 'Discuss workload versus available capacity and encourage healthier working patterns, including time off where appropriate.', 'Look at the cause of unusually long or low hours and adjust staffing, priorities, or schedules where needed.']"
EMP07236,product_mng,low,4,0.14,0.99,6,251,0,0,76.16,High,"['Low job satisfaction', 'In a historically high-attrition tenure window', 'No recent promotion / stalled growth']","['Start with a confidential stay interview to understand what is making the employee unhappy and agree on practical changes.', 'Use a focused engagement check-in or pulse survey to uncover the main source of dissatisfaction.', 'Create a short action plan with the employee and manager around the biggest day-to-day pain point.', 'Set up a career conversation covering the next role, new responsibilities, and what growth could look like over the next 6–12 months.', ""Explore a stretch assignment, mentoring opportunity, or internal move to keep the employee's next step visible."", ""Refresh the employee's development plan and create a concrete next milestone for progression."", 'Be explicit about promotion expectations, timing, and the skills or outcomes needed for the next step.', 'Create a visible growth plan with ownership of a project, mentoring, training, or another development opportunity.', 'Agree on a clear review point so the employee is not left with an open-ended promise about progression.']"
EMP08783,sales,low,3,0.2,0.98,2,228,0,0,75.0,High,"['Low job satisfaction', 'Workload imbalance (too many or too few projects)', 'No recent promotion / stalled growth']","['Start with a confidential stay interview to understand what is making the employee unhappy and agree on practical changes.', 'Use a focused engagement check-in or pulse survey to uncover the main source of dissatisfaction.', 'Create a short action plan with the employee and manager around the biggest day-to-day pain point.', 'Review project allocation and rebalance the workload so responsibilities are challenging without becoming overwhelming.', ""Clarify priorities, remove low-value work where possible, and make sure responsibilities match the employee's role and capacity."", 'Explore a better-fit assignment, additional support, or a stretch opportunity depending on the workload pattern.', 'Be explicit about promotion expectations, timing, and the skills or outcomes needed for the next step.', 'Create a visible growth plan with ownership of a project, mentoring, training, or another development opportunity.', 'Agree on a clear review point so the employee is not left with an open-ended promise about progression.']"
EMP06004,technical,medium,4,0.17,0.94,5,273,0,0,74.97,High,"['Low job satisfaction', 'In a historically high-attrition tenure window', 'No recent promotion / stalled growth']","['Start with a confidential stay interview to understand what is making the employee unhappy and agree on practical changes.', 'Use a focused engagement check-in or pulse survey to uncover the main source of dissatisfaction.', 'Create a short action plan with the employee and manager around the biggest day-to-day pain point.', 'Set up a career conversation covering the next role, new responsibilities, and what growth could look like over the next 6–12 months.', ""Explore a stretch assignment, mentoring opportunity, or internal move to keep the employee's next step visible."", ""Refresh the employee's development plan and create a concrete next milestone for progression."", 'Be explicit about promotion expectations, timing, and the skills or outcomes needed for the next step.', 'Create a visible growth plan with ownership of a project, mentoring, training, or another development opportunity.', 'Agree on a clear review point so the employee is not left with an open-ended promise about progression.']"
EMP08443,support,medium,5,0.22,0.89,6,278,0,0,74.54,High,"['Low job satisfaction', 'In a historically high-attrition tenure window', 'No recent promotion / stalled growth']","['Start with a confidential stay interview to understand what is making the employee unhappy and agree on practical changes.', 'Use a focused engagement check-in or pulse survey to uncover the main source of dissatisfaction.', 'Create a short action plan with the employee and manager around the biggest day-to-day pain point.', 'Set up a career conversation covering the next role, new responsibilities, and what growth could look like over the next 6–12 months.', ""Explore a stretch assignment, mentoring opportunity, or internal move to keep the employee's next step visible."", ""Refresh the employee's development plan and create a concrete next milestone for progression."", 'Be explicit about promotion expectations, timing, and the skills or outcomes needed for the next step.', 'Create a visible growth plan with ownership of a project, mentoring, training, or another development opportunity.', 'Agree on a clear review point so the employee is not left with an open-ended promise about progression.']"
EMP08736,technical,low,4,0.12,0.5,5,287,0,0,74.47,High,"['Low job satisfaction', 'Unhealthy working hours (over/under-work)', 'In a historically high-attrition tenure window']","['Start with a confidential stay interview to understand what is making the employee unhappy and agree on practical changes.', 'Use a focused engagement check-in or pulse survey to uncover the main source of dissatisfaction.', 'Create a short action plan with the employee and manager around the biggest day-to-day pain point.', 'Review recent working hours, reset healthy boundaries, and rebalance work where sustained overwork is visible.', 'Discuss workload versus available capacity and encourage healthier working patterns, including time off where appropriate.', 'Look at the cause of unusually long or low hours and adjust staffing, priorities, or schedules where needed.', 'Set up a career conversation covering the next role, new responsibilities, and what growth could look like over the next 6–12 months.', ""Explore a stretch assignment, mentoring opportunity, or internal move to keep the employee's next step visible."", ""Refresh the employee's development plan and create a concrete next milestone for progression.""]"
EMP04161,support,low,5,0.43,0.9,5,282,0,0,74.1,High,"['Low job satisfaction', 'In a historically high-attrition tenure window', 'No recent promotion / stalled growth']","['Start with a confidential stay interview to understand what is making the employee unhappy and agree on practical changes.', 'Use a focused engagement check-in or pulse survey to uncover the main source of dissatisfaction.', 'Create a short action plan with the employee and manager around the biggest day-to-day pain point.', 'Set up a career conversation covering the next role, new responsibilities, and what growth could look like over the next 6–12 months.', ""Explore a stretch assignment, mentoring opportunity, or internal move to keep the employee's next step visible."", ""Refresh the employee's development plan and create a concrete next milestone for progression."", 'Be explicit about promotion expectations, timing, and the skills or outcomes needed for the next step.', 'Create a visible growth plan with ownership of a project, mentoring, training, or another development opportunity.', 'Agree on a clear review point so the employee is not left with an open-ended promise about progression.']"
EMP03120,randd,low,6,0.12,0.93,6,257,0,0,74.04,High,"['Low job satisfaction', 'No recent promotion / stalled growth', 'Below-market / low compensation band']","['Start with a confidential stay interview to understand what is making the employee unhappy and agree on practical changes.', 'Use a focused engagement check-in or pulse survey to uncover the main source of dissatisfaction.', 'Create a short action plan with the employee and manager around the biggest day-to-day pain point.', 'Be explicit about promotion expectations, timing, and the skills or outcomes needed for the next step.', 'Create a visible growth plan with ownership of a project, mentoring, training, or another development opportunity.', 'Agree on a clear review point so the employee is not left with an open-ended promise about progression.', 'Review pay against the role and market, and pair the conversation with recognition or other rewards where a change is not immediate.', 'Benchmark compensation for the role and explain the path for future pay progression as clearly as possible.', 'Consider a compensation review alongside recognition, bonus eligibility, flexibility, or development opportunities.']"
EMP08697,support,low,6,0.29,0.85,2,248,0,0,74.01,High,"['Low job satisfaction', 'Workload imbalance (too many or too few projects)', 'No recent promotion / stalled growth']","['Start with a confidential stay interview to understand what is making the employee unhappy and agree on practical changes.', 'Use a focused engagement check-in or pulse survey to uncover the main source of dissatisfaction.', 'Create a short action plan with the employee and manager around the biggest day-to-day pain point.', 'Review project allocation and rebalance the workload so responsibilities are challenging without becoming overwhelming.', ""Clarify priorities, remove low-value work where possible, and make sure responsibilities match the employee's role and capacity."", 'Explore a better-fit assignment, additional support, or a stretch opportunity depending on the workload pattern.', 'Be explicit about promotion expectations, timing, and the skills or outcomes needed for the next step.', 'Create a visible growth plan with ownership of a project, mentoring, training, or another development opportunity.', 'Agree on a clear review point so the employee is not left with an open-ended promise about progression.']"
EMP06464,it,low,5,0.14,0.98,6,221,0,0,73.8,High,"['Low job satisfaction', 'In a historically high-attrition tenure window', 'No recent promotion / stalled growth']","['Start with a confidential stay interview to understand what is making the employee unhappy and agree on practical changes.', 'Use a focused engagement check-in or pulse survey to uncover the main source of dissatisfaction.', 'Create a short action plan with the employee and manager around the biggest day-to-day pain point.', 'Set up a career conversation covering the next role, new responsibilities, and what growth could look like over the next 6–12 months.', ""Explore a stretch assignment, mentoring opportunity, or internal move to keep the employee's next step visible."", ""Refresh the employee's development plan and create a concrete next milestone for progression."", 'Be explicit about promotion expectations, timing, and the skills or outcomes needed for the next step.', 'Create a visible growth plan with ownership of a project, mentoring, training, or another development opportunity.', 'Agree on a clear review point so the employee is not left with an open-ended promise about progression.']"
EMP02964,randd,low,4,0.22,0.8,4,287,0,0,73.47,High,"['Low job satisfaction', 'Unhealthy working hours (over/under-work)', 'In a historically high-attrition tenure window']","['Start with a confidential stay interview to understand what is making the employee unhappy and agree on practical changes.', 'Use a focused engagement check-in or pulse survey to uncover the main source of dissatisfaction.', 'Create a short action plan with the employee and manager around the biggest day-to-day pain point.', 'Review recent working hours, reset healthy boundaries, and rebalance work where sustained overwork is visible.', 'Discuss workload versus available capacity and encourage healthier working patterns, including time off where appropriate.', 'Look at the cause of unusually long or low hours and adjust staffing, priorities, or schedules where needed.', 'Set up a career conversation covering the next role, new responsibilities, and what growth could look like over the next 6–12 months.', ""Explore a stretch assignment, mentoring opportunity, or internal move to keep the employee's next step visible."", ""Refresh the employee's development plan and create a concrete next milestone for progression.""]"
EMP05748,accounting,medium,4,0.18,0.86,5,267,0,0,73.39,High,"['Low job satisfaction', 'In a historically high-attrition tenure window', 'No recent promotion / stalled growth']","['Start with a confidential stay interview to understand what is making the employee unhappy and agree on practical changes.', 'Use a focused engagement check-in or pulse survey to uncover the main source of dissatisfaction.', 'Create a short action plan with the employee and manager around the biggest day-to-day pain point.', 'Set up a career conversation covering the next role, new responsibilities, and what growth could look like over the next 6–12 months.', ""Explore a stretch assignment, mentoring opportunity, or internal move to keep the employee's next step visible."", ""Refresh the employee's development plan and create a concrete next milestone for progression."", 'Be explicit about promotion expectations, timing, and the skills or outcomes needed for the next step.', 'Create a visible growth plan with ownership of a project, mentoring, training, or another development opportunity.', 'Agree on a clear review point so the employee is not left with an open-ended promise about progression.']"
EMP02921,accounting,low,3,0.32,0.81,2,249,0,0,73.33,High,"['Low job satisfaction', 'Workload imbalance (too many or too few projects)', 'No recent promotion / stalled growth']","['Start with a confidential stay interview to understand what is making the employee unhappy and agree on practical changes.', 'Use a focused engagement check-in or pulse survey to uncover the main source of dissatisfaction.', 'Create a short action plan with the employee and manager around the biggest day-to-day pain point.', 'Review project allocation and rebalance the workload so responsibilities are challenging without becoming overwhelming.', ""Clarify priorities, remove low-value work where possible, and make sure responsibilities match the employee's role and capacity."", 'Explore a better-fit assignment, additional support, or a stretch opportunity depending on the workload pattern.', 'Be explicit about promotion expectations, timing, and the skills or outcomes needed for the next step.', 'Create a visible growth plan with ownership of a project, mentoring, training, or another development opportunity.', 'Agree on a clear review point so the employee is not left with an open-ended promise about progression.']"
EMP06667,technical,medium,5,0.4,0.86,2,264,0,0,73.14,High,"['Low job satisfaction', 'Workload imbalance (too many or too few projects)', 'In a historically high-attrition tenure window']","['Start with a confidential stay interview to understand what is making the employee unhappy and agree on practical changes.', 'Use a focused engagement check-in or pulse survey to uncover the main source of dissatisfaction.', 'Create a short action plan with the employee and manager around the biggest day-to-day pain point.', 'Review project allocation and rebalance the workload so responsibilities are challenging without becoming overwhelming.', ""Clarify priorities, remove low-value work where possible, and make sure responsibilities match the employee's role and capacity."", 'Explore a better-fit assignment, additional support, or a stretch opportunity depending on the workload pattern.', 'Set up a career conversation covering the next role, new responsibilities, and what growth could look like over the next 6–12 months.', ""Explore a stretch assignment, mentoring opportunity, or internal move to keep the employee's next step visible."", ""Refresh the employee's development plan and create a concrete next milestone for progression.""]"
EMP05576,sales,medium,4,0.23,0.96,2,234,0,0,73.1,High,"['Low job satisfaction', 'Workload imbalance (too many or too few projects)', 'In a historically high-attrition tenure window']","['Start with a confidential stay interview to understand what is making the employee unhappy and agree on practical changes.', 'Use a focused engagement check-in or pulse survey to uncover the main source of dissatisfaction.', 'Create a short action plan with the employee and manager around the biggest day-to-day pain point.', 'Review project allocation and rebalance the workload so responsibilities are challenging without becoming overwhelming.', ""Clarify priorities, remove low-value work where possible, and make sure responsibilities match the employee's role and capacity."", 'Explore a better-fit assignment, additional support, or a stretch opportunity depending on the workload pattern.', 'Set up a career conversation covering the next role, new responsibilities, and what growth could look like over the next 6–12 months.', ""Explore a stretch assignment, mentoring opportunity, or internal move to keep the employee's next step visible."", ""Refresh the employee's development plan and create a concrete next milestone for progression.""]"
EMP03356,marketing,low,5,0.15,0.84,4,275,0,0,73.0,High,"['Low job satisfaction', 'In a historically high-attrition tenure window', 'No recent promotion / stalled growth']","['Start with a confidential stay interview to understand what is making the employee unhappy and agree on practical changes.', 'Use a focused engagement check-in or pulse survey to uncover the main source of dissatisfaction.', 'Create a short action plan with the employee and manager around the biggest day-to-day pain point.', 'Set up a career conversation covering the next role, new responsibilities, and what growth could look like over the next 6–12 months.', ""Explore a stretch assignment, mentoring opportunity, or internal move to keep the employee's next step visible."", ""Refresh the employee's development plan and create a concrete next milestone for progression."", 'Be explicit about promotion expectations, timing, and the skills or outcomes needed for the next step.', 'Create a visible growth plan with ownership of a project, mentoring, training, or another development opportunity.', 'Agree on a clear review point so the employee is not left with an open-ended promise about progression.']"
EMP04465,technical,medium,4,0.28,0.83,5,279,0,0,72.96,High,"['Low job satisfaction', 'In a historically high-attrition tenure window', 'No recent promotion / stalled growth']","['Start with a confidential stay interview to understand what is making the employee unhappy and agree on practical changes.', 'Use a focused engagement check-in or pulse survey to uncover the main source of dissatisfaction.', 'Create a short action plan with the employee and manager around the biggest day-to-day pain point.', 'Set up a career conversation covering the next role, new responsibilities, and what growth could look like over the next 6–12 months.', ""Explore a stretch assignment, mentoring opportunity, or internal move to keep the employee's next step visible."", ""Refresh the employee's development plan and create a concrete next milestone for progression."", 'Be explicit about promotion expectations, timing, and the skills or outcomes needed for the next step.', 'Create a visible growth plan with ownership of a project, mentoring, training, or another development opportunity.', 'Agree on a clear review point so the employee is not left with an open-ended promise about progression.']"
EMP03479,support,low,6,0.14,0.46,2,267,0,0,72.59,High,"['Low job satisfaction', 'Workload imbalance (too many or too few projects)', 'No recent promotion / stalled growth']","['Start with a confidential stay interview to understand what is making the employee unhappy and agree on practical changes.', 'Use a focused engagement check-in or pulse survey to uncover the main source of dissatisfaction.', 'Create a short action plan with the employee and manager around the biggest day-to-day pain point.', 'Review project allocation and rebalance the workload so responsibilities are challenging without becoming overwhelming.', ""Clarify priorities, remove low-value work where possible, and make sure responsibilities match the employee's role and capacity."", 'Explore a better-fit assignment, additional support, or a stretch opportunity depending on the workload pattern.', 'Be explicit about promotion expectations, timing, and the skills or outcomes needed for the next step.', 'Create a visible growth plan with ownership of a project, mentoring, training, or another development opportunity.', 'Agree on a clear review point so the employee is not left with an open-ended promise about progression.']"
EMP10563,technical,low,6,0.15,0.91,6,98,0,0,72.5,High,"['Low job satisfaction', 'Unhealthy working hours (over/under-work)', 'No recent promotion / stalled growth']","['Start with a confidential stay interview to understand what is making the employee unhappy and agree on practical changes.', 'Use a focused engagement check-in or pulse survey to uncover the main source of dissatisfaction.', 'Create a short action plan with the employee and manager around the biggest day-to-day pain point.', 'Review recent working hours, reset healthy boundaries, and rebalance work where sustained overwork is visible.', 'Discuss workload versus available capacity and encourage healthier working patterns, including time off where appropriate.', 'Look at the cause of unusually long or low hours and adjust staffing, priorities, or schedules where needed.', 'Be explicit about promotion expectations, timing, and the skills or outcomes needed for the next step.', 'Create a visible growth plan with ownership of a project, mentoring, training, or another development opportunity.', 'Agree on a clear review point so the employee is not left with an open-ended promise about progression.']"
EMP09924,marketing,medium,5,0.17,0.89,5,261,0,0,72.4,High,"['Low job satisfaction', 'In a historically high-attrition tenure window', 'No recent promotion / stalled growth']","['Start with a confidential stay interview to understand what is making the employee unhappy and agree on practical changes.', 'Use a focused engagement check-in or pulse survey to uncover the main source of dissatisfaction.', 'Create a short action plan with the employee and manager around the biggest day-to-day pain point.', 'Set up a career conversation covering the next role, new responsibilities, and what growth could look like over the next 6–12 months.', ""Explore a stretch assignment, mentoring opportunity, or internal move to keep the employee's next step visible."", ""Refresh the employee's development plan and create a concrete next milestone for progression."", 'Be explicit about promotion expectations, timing, and the skills or outcomes needed for the next step.', 'Create a visible growth plan with ownership of a project, mentoring, training, or another development opportunity.', 'Agree on a clear review point so the employee is not left with an open-ended promise about progression.']"
EMP06025,support,low,3,0.19,0.85,6,259,0,0,72.37,High,"['Low job satisfaction', 'No recent promotion / stalled growth', 'Below-market / low compensation band']","['Start with a confidential stay interview to understand what is making the employee unhappy and agree on practical changes.', 'Use a focused engagement check-in or pulse survey to uncover the main source of dissatisfaction.', 'Create a short action plan with the employee and manager around the biggest day-to-day pain point.', 'Be explicit about promotion expectations, timing, and the skills or outcomes needed for the next step.', 'Create a visible growth plan with ownership of a project, mentoring, training, or another development opportunity.', 'Agree on a clear review point so the employee is not left with an open-ended promise about progression.', 'Review pay against the role and market, and pair the conversation with recognition or other rewards where a change is not immediate.', 'Benchmark compensation for the role and explain the path for future pay progression as clearly as possible.', 'Consider a compensation review alongside recognition, bonus eligibility, flexibility, or development opportunities.']"
EMP07849,randd,low,4,0.36,0.63,2,278,0,0,72.34,High,"['Low job satisfaction', 'Workload imbalance (too many or too few projects)', 'In a historically high-attrition tenure window']","['Start with a confidential stay interview to understand what is making the employee unhappy and agree on practical changes.', 'Use a focused engagement check-in or pulse survey to uncover the main source of dissatisfaction.', 'Create a short action plan with the employee and manager around the biggest day-to-day pain point.', 'Review project allocation and rebalance the workload so responsibilities are challenging without becoming overwhelming.', ""Clarify priorities, remove low-value work where possible, and make sure responsibilities match the employee's role and capacity."", 'Explore a better-fit assignment, additional support, or a stretch opportunity depending on the workload pattern.', 'Set up a career conversation covering the next role, new responsibilities, and what growth could look like over the next 6–12 months.', ""Explore a stretch assignment, mentoring opportunity, or internal move to keep the employee's next step visible."", ""Refresh the employee's development plan and create a concrete next milestone for progression.""]"
EMP02384,accounting,low,4,0.19,0.98,5,226,0,0,72.3,High,"['Low job satisfaction', 'In a historically high-attrition tenure window', 'No recent promotion / stalled growth']","['Start with a confidential stay interview to understand what is making the employee unhappy and agree on practical changes.', 'Use a focused engagement check-in or pulse survey to uncover the main source of dissatisfaction.', 'Create a short action plan with the employee and manager around the biggest day-to-day pain point.', 'Set up a career conversation covering the next role, new responsibilities, and what growth could look like over the next 6–12 months.', ""Explore a stretch assignment, mentoring opportunity, or internal move to keep the employee's next step visible."", ""Refresh the employee's development plan and create a concrete next milestone for progression."", 'Be explicit about promotion expectations, timing, and the skills or outcomes needed for the next step.', 'Create a visible growth plan with ownership of a project, mentoring, training, or another development opportunity.', 'Agree on a clear review point so the employee is not left with an open-ended promise about progression.']"
EMP02538,accounting,low,5,0.18,0.67,5,285,0,0,72.24,High,"['Low job satisfaction', 'In a historically high-attrition tenure window', 'No recent promotion / stalled growth']","['Start with a confidential stay interview to understand what is making the employee unhappy and agree on practical changes.', 'Use a focused engagement check-in or pulse survey to uncover the main source of dissatisfaction.', 'Create a short action plan with the employee and manager around the biggest day-to-day pain point.', 'Set up a career conversation covering the next role, new responsibilities, and what growth could look like over the next 6–12 months.', ""Explore a stretch assignment, mentoring opportunity, or internal move to keep the employee's next step visible."", ""Refresh the employee's development plan and create a concrete next milestone for progression."", 'Be explicit about promotion expectations, timing, and the skills or outcomes needed for the next step.', 'Create a visible growth plan with ownership of a project, mentoring, training, or another development opportunity.', 'Agree on a clear review point so the employee is not left with an open-ended promise about progression.']"
EMP09507,support,low,4,0.54,0.46,2,98,0,0,71.8,High,"['Workload imbalance (too many or too few projects)', 'Low job satisfaction', 'Unhealthy working hours (over/under-work)']","['Review project allocation and rebalance the workload so responsibilities are challenging without becoming overwhelming.', ""Clarify priorities, remove low-value work where possible, and make sure responsibilities match the employee's role and capacity."", 'Explore a better-fit assignment, additional support, or a stretch opportunity depending on the workload pattern.', 'Start with a confidential stay interview to understand what is making the employee unhappy and agree on practical changes.', 'Use a focused engagement check-in or pulse survey to uncover the main source of dissatisfaction.', 'Create a short action plan with the employee and manager around the biggest day-to-day pain point.', 'Review recent working hours, reset healthy boundaries, and rebalance work where sustained overwork is visible.', 'Discuss workload versus available capacity and encourage healthier working patterns, including time off where appropriate.', 'Look at the cause of unusually long or low hours and adjust staffing, priorities, or schedules where needed.']"
EMP09195,technical,low,5,0.24,0.74,6,106,0,0,71.8,High,"['Low job satisfaction', 'Unhealthy working hours (over/under-work)', 'In a historically high-attrition tenure window']","['Start with a confidential stay interview to understand what is making the employee unhappy and agree on practical changes.', 'Use a focused engagement check-in or pulse survey to uncover the main source of dissatisfaction.', 'Create a short action plan with the employee and manager around the biggest day-to-day pain point.', 'Review recent working hours, reset healthy boundaries, and rebalance work where sustained overwork is visible.', 'Discuss workload versus available capacity and encourage healthier working patterns, including time off where appropriate.', 'Look at the cause of unusually long or low hours and adjust staffing, priorities, or schedules where needed.', 'Set up a career conversation covering the next role, new responsibilities, and what growth could look like over the next 6–12 months.', ""Explore a stretch assignment, mentoring opportunity, or internal move to keep the employee's next step visible."", ""Refresh the employee's development plan and create a concrete next milestone for progression.""]"
EMP03448,sales,medium,5,0.24,0.87,5,268,0,0,71.8,High,"['Low job satisfaction', 'In a historically high-attrition tenure window', 'No recent promotion / stalled growth']","['Start with a confidential stay interview to understand what is making the employee unhappy and agree on practical changes.', 'Use a focused engagement check-in or pulse survey to uncover the main source of dissatisfaction.', 'Create a short action plan with the employee and manager around the biggest day-to-day pain point.', 'Set up a career conversation covering the next role, new responsibilities, and what growth could look like over the next 6–12 months.', ""Explore a stretch assignment, mentoring opportunity, or internal move to keep the employee's next step visible."", ""Refresh the employee's development plan and create a concrete next milestone for progression."", 'Be explicit about promotion expectations, timing, and the skills or outcomes needed for the next step.', 'Create a visible growth plan with ownership of a project, mentoring, training, or another development opportunity.', 'Agree on a clear review point so the employee is not left with an open-ended promise about progression.']"
EMP08408,sales,medium,4,0.21,0.39,2,118,0,0,71.7,High,"['Low job satisfaction', 'Workload imbalance (too many or too few projects)', 'In a historically high-attrition tenure window']","['Start with a confidential stay interview to understand what is making the employee unhappy and agree on practical changes.', 'Use a focused engagement check-in or pulse survey to uncover the main source of dissatisfaction.', 'Create a short action plan with the employee and manager around the biggest day-to-day pain point.', 'Review project allocation and rebalance the workload so responsibilities are challenging without becoming overwhelming.', ""Clarify priorities, remove low-value work where possible, and make sure responsibilities match the employee's role and capacity."", 'Explore a better-fit assignment, additional support, or a stretch opportunity depending on the workload pattern.', 'Set up a career conversation covering the next role, new responsibilities, and what growth could look like over the next 6–12 months.', ""Explore a stretch assignment, mentoring opportunity, or internal move to keep the employee's next step visible."", ""Refresh the employee's development plan and create a concrete next milestone for progression.""]"
EMP05324,product_mng,low,4,0.22,0.52,5,109,0,0,71.65,High,"['Low job satisfaction', 'Unhealthy working hours (over/under-work)', 'In a historically high-attrition tenure window']","['Start with a confidential stay interview to understand what is making the employee unhappy and agree on practical changes.', 'Use a focused engagement check-in or pulse survey to uncover the main source of dissatisfaction.', 'Create a short action plan with the employee and manager around the biggest day-to-day pain point.', 'Review recent working hours, reset healthy boundaries, and rebalance work where sustained overwork is visible.', 'Discuss workload versus available capacity and encourage healthier working patterns, including time off where appropriate.', 'Look at the cause of unusually long or low hours and adjust staffing, priorities, or schedules where needed.', 'Set up a career conversation covering the next role, new responsibilities, and what growth could look like over the next 6–12 months.', ""Explore a stretch assignment, mentoring opportunity, or internal move to keep the employee's next step visible."", ""Refresh the employee's development plan and create a concrete next milestone for progression.""]"
EMP07315,randd,low,3,0.36,0.4,2,105,0,0,71.45,High,"['Low job satisfaction', 'Workload imbalance (too many or too few projects)', 'Unhealthy working hours (over/under-work)']","['Start with a confidential stay interview to understand what is making the employee unhappy and agree on practical changes.', 'Use a focused engagement check-in or pulse survey to uncover the main source of dissatisfaction.', 'Create a short action plan with the employee and manager around the biggest day-to-day pain point.', 'Review project allocation and rebalance the workload so responsibilities are challenging without becoming overwhelming.', ""Clarify priorities, remove low-value work where possible, and make sure responsibilities match the employee's role and capacity."", 'Explore a better-fit assignment, additional support, or a stretch opportunity depending on the workload pattern.', 'Review recent working hours, reset healthy boundaries, and rebalance work where sustained overwork is visible.', 'Discuss workload versus available capacity and encourage healthier working patterns, including time off where appropriate.', 'Look at the cause of unusually long or low hours and adjust staffing, priorities, or schedules where needed.']"
EMP03510,marketing,low,4,0.15,0.76,5,277,0,0,71.43,High,"['Low job satisfaction', 'In a historically high-attrition tenure window', 'No recent promotion / stalled growth']","['Start with a confidential stay interview to understand what is making the employee unhappy and agree on practical changes.', 'Use a focused engagement check-in or pulse survey to uncover the main source of dissatisfaction.', 'Create a short action plan with the employee and manager around the biggest day-to-day pain point.', 'Set up a career conversation covering the next role, new responsibilities, and what growth could look like over the next 6–12 months.', ""Explore a stretch assignment, mentoring opportunity, or internal move to keep the employee's next step visible."", ""Refresh the employee's development plan and create a concrete next milestone for progression."", 'Be explicit about promotion expectations, timing, and the skills or outcomes needed for the next step.', 'Create a visible growth plan with ownership of a project, mentoring, training, or another development opportunity.', 'Agree on a clear review point so the employee is not left with an open-ended promise about progression.']"
EMP09560,sales,low,5,0.14,0.57,6,275,0,0,71.3,High,"['Low job satisfaction', 'In a historically high-attrition tenure window', 'No recent promotion / stalled growth']","['Start with a confidential stay interview to understand what is making the employee unhappy and agree on practical changes.', 'Use a focused engagement check-in or pulse survey to uncover the main source of dissatisfaction.', 'Create a short action plan with the employee and manager around the biggest day-to-day pain point.', 'Set up a career conversation covering the next role, new responsibilities, and what growth could look like over the next 6–12 months.', ""Explore a stretch assignment, mentoring opportunity, or internal move to keep the employee's next step visible."", ""Refresh the employee's development plan and create a concrete next milestone for progression."", 'Be explicit about promotion expectations, timing, and the skills or outcomes needed for the next step.', 'Create a visible growth plan with ownership of a project, mentoring, training, or another development opportunity.', 'Agree on a clear review point so the employee is not left with an open-ended promise about progression.']"
EMP05641,marketing,low,4,0.23,0.4,6,110,0,0,71.1,High,"['Low job satisfaction', 'Unhealthy working hours (over/under-work)', 'In a historically high-attrition tenure window']","['Start with a confidential stay interview to understand what is making the employee unhappy and agree on practical changes.', 'Use a focused engagement check-in or pulse survey to uncover the main source of dissatisfaction.', 'Create a short action plan with the employee and manager around the biggest day-to-day pain point.', 'Review recent working hours, reset healthy boundaries, and rebalance work where sustained overwork is visible.', 'Discuss workload versus available capacity and encourage healthier working patterns, including time off where appropriate.', 'Look at the cause of unusually long or low hours and adjust staffing, priorities, or schedules where needed.', 'Set up a career conversation covering the next role, new responsibilities, and what growth could look like over the next 6–12 months.', ""Explore a stretch assignment, mentoring opportunity, or internal move to keep the employee's next step visible."", ""Refresh the employee's development plan and create a concrete next milestone for progression.""]"
EMP07197,accounting,low,5,0.13,0.65,2,209,0,0,71.1,High,"['Low job satisfaction', 'Workload imbalance (too many or too few projects)', 'In a historically high-attrition tenure window']","['Start with a confidential stay interview to understand what is making the employee unhappy and agree on practical changes.', 'Use a focused engagement check-in or pulse survey to uncover the main source of dissatisfaction.', 'Create a short action plan with the employee and manager around the biggest day-to-day pain point.', 'Review project allocation and rebalance the workload so responsibilities are challenging without becoming overwhelming.', ""Clarify priorities, remove low-value work where possible, and make sure responsibilities match the employee's role and capacity."", 'Explore a better-fit assignment, additional support, or a stretch opportunity depending on the workload pattern.', 'Set up a career conversation covering the next role, new responsibilities, and what growth could look like over the next 6–12 months.', ""Explore a stretch assignment, mentoring opportunity, or internal move to keep the employee's next step visible."", ""Refresh the employee's development plan and create a concrete next milestone for progression.""]"
EMP05565,marketing,medium,5,0.17,0.79,2,126,0,0,70.9,High,"['Low job satisfaction', 'Workload imbalance (too many or too few projects)', 'In a historically high-attrition tenure window']","['Start with a confidential stay interview to understand what is making the employee unhappy and agree on practical changes.', 'Use a focused engagement check-in or pulse survey to uncover the main source of dissatisfaction.', 'Create a short action plan with the employee and manager around the biggest day-to-day pain point.', 'Review project allocation and rebalance the workload so responsibilities are challenging without becoming overwhelming.', ""Clarify priorities, remove low-value work where possible, and make sure responsibilities match the employee's role and capacity."", 'Explore a better-fit assignment, additional support, or a stretch opportunity depending on the workload pattern.', 'Set up a career conversation covering the next role, new responsibilities, and what growth could look like over the next 6–12 months.', ""Explore a stretch assignment, mentoring opportunity, or internal move to keep the employee's next step visible."", ""Refresh the employee's development plan and create a concrete next milestone for progression.""]"
EMP09083,sales,low,4,0.14,0.73,5,273,0,0,70.87,High,"['Low job satisfaction', 'In a historically high-attrition tenure window', 'No recent promotion / stalled growth']","['Start with a confidential stay interview to understand what is making the employee unhappy and agree on practical changes.', 'Use a focused engagement check-in or pulse survey to uncover the main source of dissatisfaction.', 'Create a short action plan with the employee and manager around the biggest day-to-day pain point.', 'Set up a career conversation covering the next role, new responsibilities, and what growth could look like over the next 6–12 months.', ""Explore a stretch assignment, mentoring opportunity, or internal move to keep the employee's next step visible."", ""Refresh the employee's development plan and create a concrete next milestone for progression."", 'Be explicit about promotion expectations, timing, and the skills or outcomes needed for the next step.', 'Create a visible growth plan with ownership of a project, mentoring, training, or another development opportunity.', 'Agree on a clear review point so the employee is not left with an open-ended promise about progression.']"
EMP02927,hr,low,6,0.29,0.48,2,116,0,0,70.8,High,"['Low job satisfaction', 'Workload imbalance (too many or too few projects)', 'No recent promotion / stalled growth']","['Start with a confidential stay interview to understand what is making the employee unhappy and agree on practical changes.', 'Use a focused engagement check-in or pulse survey to uncover the main source of dissatisfaction.', 'Create a short action plan with the employee and manager around the biggest day-to-day pain point.', 'Review project allocation and rebalance the workload so responsibilities are challenging without becoming overwhelming.', ""Clarify priorities, remove low-value work where possible, and make sure responsibilities match the employee's role and capacity."", 'Explore a better-fit assignment, additional support, or a stretch opportunity depending on the workload pattern.', 'Be explicit about promotion expectations, timing, and the skills or outcomes needed for the next step.', 'Create a visible growth plan with ownership of a project, mentoring, training, or another development opportunity.', 'Agree on a clear review point so the employee is not left with an open-ended promise about progression.']"
EMP08054,support,low,6,0.24,0.91,5,258,0,0,70.66,High,"['Low job satisfaction', 'No recent promotion / stalled growth', 'Below-market / low compensation band']","['Start with a confidential stay interview to understand what is making the employee unhappy and agree on practical changes.', 'Use a focused engagement check-in or pulse survey to uncover the main source of dissatisfaction.', 'Create a short action plan with the employee and manager around the biggest day-to-day pain point.', 'Be explicit about promotion expectations, timing, and the skills or outcomes needed for the next step.', 'Create a visible growth plan with ownership of a project, mentoring, training, or another development opportunity.', 'Agree on a clear review point so the employee is not left with an open-ended promise about progression.', 'Review pay against the role and market, and pair the conversation with recognition or other rewards where a change is not immediate.', 'Benchmark compensation for the role and explain the path for future pay progression as clearly as possible.', 'Consider a compensation review alongside recognition, bonus eligibility, flexibility, or development opportunities.']"
EMP07499,sales,low,5,0.29,0.38,6,105,0,0,70.55,High,"['Low job satisfaction', 'Unhealthy working hours (over/under-work)', 'In a historically high-attrition tenure window']","['Start with a confidential stay interview to understand what is making the employee unhappy and agree on practical changes.', 'Use a focused engagement check-in or pulse survey to uncover the main source of dissatisfaction.', 'Create a short action plan with the employee and manager around the biggest day-to-day pain point.', 'Review recent working hours, reset healthy boundaries, and rebalance work where sustained overwork is visible.', 'Discuss workload versus available capacity and encourage healthier working patterns, including time off where appropriate.', 'Look at the cause of unusually long or low hours and adjust staffing, priorities, or schedules where needed.', 'Set up a career conversation covering the next role, new responsibilities, and what growth could look like over the next 6–12 months.', ""Explore a stretch assignment, mentoring opportunity, or internal move to keep the employee's next step visible."", ""Refresh the employee's development plan and create a concrete next milestone for progression.""]"
EMP05936,product_mng,low,3,0.45,0.6,2,98,0,0,70.5,High,"['Low job satisfaction', 'Workload imbalance (too many or too few projects)', 'Unhealthy working hours (over/under-work)']","['Start with a confidential stay interview to understand what is making the employee unhappy and agree on practical changes.', 'Use a focused engagement check-in or pulse survey to uncover the main source of dissatisfaction.', 'Create a short action plan with the employee and manager around the biggest day-to-day pain point.', 'Review project allocation and rebalance the workload so responsibilities are challenging without becoming overwhelming.', ""Clarify priorities, remove low-value work where possible, and make sure responsibilities match the employee's role and capacity."", 'Explore a better-fit assignment, additional support, or a stretch opportunity depending on the workload pattern.', 'Review recent working hours, reset healthy boundaries, and rebalance work where sustained overwork is visible.', 'Discuss workload versus available capacity and encourage healthier working patterns, including time off where appropriate.', 'Look at the cause of unusually long or low hours and adjust staffing, priorities, or schedules where needed.']"
EMP09051,support,low,3,0.18,0.95,6,248,0,0,70.31,High,"['Low job satisfaction', 'No recent promotion / stalled growth', 'Below-market / low compensation band']","['Start with a confidential stay interview to understand what is making the employee unhappy and agree on practical changes.', 'Use a focused engagement check-in or pulse survey to uncover the main source of dissatisfaction.', 'Create a short action plan with the employee and manager around the biggest day-to-day pain point.', 'Be explicit about promotion expectations, timing, and the skills or outcomes needed for the next step.', 'Create a visible growth plan with ownership of a project, mentoring, training, or another development opportunity.', 'Agree on a clear review point so the employee is not left with an open-ended promise about progression.', 'Review pay against the role and market, and pair the conversation with recognition or other rewards where a change is not immediate.', 'Benchmark compensation for the role and explain the path for future pay progression as clearly as possible.', 'Consider a compensation review alongside recognition, bonus eligibility, flexibility, or development opportunities.']"
EMP06576,sales,low,4,0.19,0.91,3,268,0,0,70.3,High,"['Low job satisfaction', 'In a historically high-attrition tenure window', 'No recent promotion / stalled growth']","['Start with a confidential stay interview to understand what is making the employee unhappy and agree on practical changes.', 'Use a focused engagement check-in or pulse survey to uncover the main source of dissatisfaction.', 'Create a short action plan with the employee and manager around the biggest day-to-day pain point.', 'Set up a career conversation covering the next role, new responsibilities, and what growth could look like over the next 6–12 months.', ""Explore a stretch assignment, mentoring opportunity, or internal move to keep the employee's next step visible."", ""Refresh the employee's development plan and create a concrete next milestone for progression."", 'Be explicit about promotion expectations, timing, and the skills or outcomes needed for the next step.', 'Create a visible growth plan with ownership of a project, mentoring, training, or another development opportunity.', 'Agree on a clear review point so the employee is not left with an open-ended promise about progression.']"
EMP10759,marketing,low,3,0.19,0.85,5,249,0,0,70.23,High,"['Low job satisfaction', 'No recent promotion / stalled growth', 'Below-market / low compensation band']","['Start with a confidential stay interview to understand what is making the employee unhappy and agree on practical changes.', 'Use a focused engagement check-in or pulse survey to uncover the main source of dissatisfaction.', 'Create a short action plan with the employee and manager around the biggest day-to-day pain point.', 'Be explicit about promotion expectations, timing, and the skills or outcomes needed for the next step.', 'Create a visible growth plan with ownership of a project, mentoring, training, or another development opportunity.', 'Agree on a clear review point so the employee is not left with an open-ended promise about progression.', 'Review pay against the role and market, and pair the conversation with recognition or other rewards where a change is not immediate.', 'Benchmark compensation for the role and explain the path for future pay progression as clearly as possible.', 'Consider a compensation review alongside recognition, bonus eligibility, flexibility, or development opportunities.']"
EMP07808,hr,low,4,0.3,0.88,5,245,0,0,70.07,High,"['Low job satisfaction', 'In a historically high-attrition tenure window', 'No recent promotion / stalled growth']","['Start with a confidential stay interview to understand what is making the employee unhappy and agree on practical changes.', 'Use a focused engagement check-in or pulse survey to uncover the main source of dissatisfaction.', 'Create a short action plan with the employee and manager around the biggest day-to-day pain point.', 'Set up a career conversation covering the next role, new responsibilities, and what growth could look like over the next 6–12 months.', ""Explore a stretch assignment, mentoring opportunity, or internal move to keep the employee's next step visible."", ""Refresh the employee's development plan and create a concrete next milestone for progression."", 'Be explicit about promotion expectations, timing, and the skills or outcomes needed for the next step.', 'Create a visible growth plan with ownership of a project, mentoring, training, or another development opportunity.', 'Agree on a clear review point so the employee is not left with an open-ended promise about progression.']"
EMP06431,accounting,medium,4,0.18,0.92,5,251,0,0,69.96,High,"['Low job satisfaction', 'In a historically high-attrition tenure window', 'No recent promotion / stalled growth']","['Start with a confidential stay interview to understand what is making the employee unhappy and agree on practical changes.', 'Use a focused engagement check-in or pulse survey to uncover the main source of dissatisfaction.', 'Create a short action plan with the employee and manager around the biggest day-to-day pain point.', 'Set up a career conversation covering the next role, new responsibilities, and what growth could look like over the next 6–12 months.', ""Explore a stretch assignment, mentoring opportunity, or internal move to keep the employee's next step visible."", ""Refresh the employee's development plan and create a concrete next milestone for progression."", 'Be explicit about promotion expectations, timing, and the skills or outcomes needed for the next step.', 'Create a visible growth plan with ownership of a project, mentoring, training, or another development opportunity.', 'Agree on a clear review point so the employee is not left with an open-ended promise about progression.']"
EMP10992,it,low,5,0.49,0.6,2,113,0,0,69.55,High,"['Low job satisfaction', 'Workload imbalance (too many or too few projects)', 'In a historically high-attrition tenure window']","['Start with a confidential stay interview to understand what is making the employee unhappy and agree on practical changes.', 'Use a focused engagement check-in or pulse survey to uncover the main source of dissatisfaction.', 'Create a short action plan with the employee and manager around the biggest day-to-day pain point.', 'Review project allocation and rebalance the workload so responsibilities are challenging without becoming overwhelming.', ""Clarify priorities, remove low-value work where possible, and make sure responsibilities match the employee's role and capacity."", 'Explore a better-fit assignment, additional support, or a stretch opportunity depending on the workload pattern.', 'Set up a career conversation covering the next role, new responsibilities, and what growth could look like over the next 6–12 months.', ""Explore a stretch assignment, mentoring opportunity, or internal move to keep the employee's next step visible."", ""Refresh the employee's development plan and create a concrete next milestone for progression.""]"
EMP11123,hr,medium,6,0.19,0.97,6,269,0,0,69.51,High,"['Low job satisfaction', 'No recent promotion / stalled growth', 'High performer showing silent burnout signs']","['Start with a confidential stay interview to understand what is making the employee unhappy and agree on practical changes.', 'Use a focused engagement check-in or pulse survey to uncover the main source of dissatisfaction.', 'Create a short action plan with the employee and manager around the biggest day-to-day pain point.', 'Be explicit about promotion expectations, timing, and the skills or outcomes needed for the next step.', 'Create a visible growth plan with ownership of a project, mentoring, training, or another development opportunity.', 'Agree on a clear review point so the employee is not left with an open-ended promise about progression.', 'Bring the manager and HR together for a priority retention conversation, then reduce avoidable pressure and recognize recent performance.', 'Protect the employee from sustained overload while keeping recognition high; strong performance should not depend on endless extra hours.', ""Use a focused leadership check-in to address burnout signals, workload, recognition, and the employee's longer-term goals.""]"
EMP09161,sales,low,4,0.14,0.99,3,257,0,0,69.44,High,"['Low job satisfaction', 'In a historically high-attrition tenure window', 'No recent promotion / stalled growth']","['Start with a confidential stay interview to understand what is making the employee unhappy and agree on practical changes.', 'Use a focused engagement check-in or pulse survey to uncover the main source of dissatisfaction.', 'Create a short action plan with the employee and manager around the biggest day-to-day pain point.', 'Set up a career conversation covering the next role, new responsibilities, and what growth could look like over the next 6–12 months.', ""Explore a stretch assignment, mentoring opportunity, or internal move to keep the employee's next step visible."", ""Refresh the employee's development plan and create a concrete next milestone for progression."", 'Be explicit about promotion expectations, timing, and the skills or outcomes needed for the next step.', 'Create a visible growth plan with ownership of a project, mentoring, training, or another development opportunity.', 'Agree on a clear review point so the employee is not left with an open-ended promise about progression.']"
EMP10318,sales,medium,4,0.12,0.84,5,230,0,0,69.4,High,"['Low job satisfaction', 'In a historically high-attrition tenure window', 'No recent promotion / stalled growth']","['Start with a confidential stay interview to understand what is making the employee unhappy and agree on practical changes.', 'Use a focused engagement check-in or pulse survey to uncover the main source of dissatisfaction.', 'Create a short action plan with the employee and manager around the biggest day-to-day pain point.', 'Set up a career conversation covering the next role, new responsibilities, and what growth could look like over the next 6–12 months.', ""Explore a stretch assignment, mentoring opportunity, or internal move to keep the employee's next step visible."", ""Refresh the employee's development plan and create a concrete next milestone for progression."", 'Be explicit about promotion expectations, timing, and the skills or outcomes needed for the next step.', 'Create a visible growth plan with ownership of a project, mentoring, training, or another development opportunity.', 'Agree on a clear review point so the employee is not left with an open-ended promise about progression.']"
EMP07425,accounting,medium,5,0.2,0.8,6,251,0,0,69.36,High,"['Low job satisfaction', 'In a historically high-attrition tenure window', 'No recent promotion / stalled growth']","['Start with a confidential stay interview to understand what is making the employee unhappy and agree on practical changes.', 'Use a focused engagement check-in or pulse survey to uncover the main source of dissatisfaction.', 'Create a short action plan with the employee and manager around the biggest day-to-day pain point.', 'Set up a career conversation covering the next role, new responsibilities, and what growth could look like over the next 6–12 months.', ""Explore a stretch assignment, mentoring opportunity, or internal move to keep the employee's next step visible."", ""Refresh the employee's development plan and create a concrete next milestone for progression."", 'Be explicit about promotion expectations, timing, and the skills or outcomes needed for the next step.', 'Create a visible growth plan with ownership of a project, mentoring, training, or another development opportunity.', 'Agree on a clear review point so the employee is not left with an open-ended promise about progression.']"
EMP04082,technical,low,5,0.17,0.48,6,270,0,0,69.33,High,"['Low job satisfaction', 'In a historically high-attrition tenure window', 'No recent promotion / stalled growth']","['Start with a confidential stay interview to understand what is making the employee unhappy and agree on practical changes.', 'Use a focused engagement check-in or pulse survey to uncover the main source of dissatisfaction.', 'Create a short action plan with the employee and manager around the biggest day-to-day pain point.', 'Set up a career conversation covering the next role, new responsibilities, and what growth could look like over the next 6–12 months.', ""Explore a stretch assignment, mentoring opportunity, or internal move to keep the employee's next step visible."", ""Refresh the employee's development plan and create a concrete next milestone for progression."", 'Be explicit about promotion expectations, timing, and the skills or outcomes needed for the next step.', 'Create a visible growth plan with ownership of a project, mentoring, training, or another development opportunity.', 'Agree on a clear review point so the employee is not left with an open-ended promise about progression.']"
EMP09867,sales,low,5,0.29,0.65,5,110,0,0,69.3,High,"['Low job satisfaction', 'Unhealthy working hours (over/under-work)', 'In a historically high-attrition tenure window']","['Start with a confidential stay interview to understand what is making the employee unhappy and agree on practical changes.', 'Use a focused engagement check-in or pulse survey to uncover the main source of dissatisfaction.', 'Create a short action plan with the employee and manager around the biggest day-to-day pain point.', 'Review recent working hours, reset healthy boundaries, and rebalance work where sustained overwork is visible.', 'Discuss workload versus available capacity and encourage healthier working patterns, including time off where appropriate.', 'Look at the cause of unusually long or low hours and adjust staffing, priorities, or schedules where needed.', 'Set up a career conversation covering the next role, new responsibilities, and what growth could look like over the next 6–12 months.', ""Explore a stretch assignment, mentoring opportunity, or internal move to keep the employee's next step visible."", ""Refresh the employee's development plan and create a concrete next milestone for progression.""]"
EMP06846,it,low,3,0.4,0.46,2,109,0,0,69.25,High,"['Low job satisfaction', 'Workload imbalance (too many or too few projects)', 'Unhealthy working hours (over/under-work)']","['Start with a confidential stay interview to understand what is making the employee unhappy and agree on practical changes.', 'Use a focused engagement check-in or pulse survey to uncover the main source of dissatisfaction.', 'Create a short action plan with the employee and manager around the biggest day-to-day pain point.', 'Review project allocation and rebalance the workload so responsibilities are challenging without becoming overwhelming.', ""Clarify priorities, remove low-value work where possible, and make sure responsibilities match the employee's role and capacity."", 'Explore a better-fit assignment, additional support, or a stretch opportunity depending on the workload pattern.', 'Review recent working hours, reset healthy boundaries, and rebalance work where sustained overwork is visible.', 'Discuss workload versus available capacity and encourage healthier working patterns, including time off where appropriate.', 'Look at the cause of unusually long or low hours and adjust staffing, priorities, or schedules where needed.']"
EMP05858,it,low,4,0.34,0.91,4,284,0,0,69.23,High,"['Low job satisfaction', 'In a historically high-attrition tenure window', 'No recent promotion / stalled growth']","['Start with a confidential stay interview to understand what is making the employee unhappy and agree on practical changes.', 'Use a focused engagement check-in or pulse survey to uncover the main source of dissatisfaction.', 'Create a short action plan with the employee and manager around the biggest day-to-day pain point.', 'Set up a career conversation covering the next role, new responsibilities, and what growth could look like over the next 6–12 months.', ""Explore a stretch assignment, mentoring opportunity, or internal move to keep the employee's next step visible."", ""Refresh the employee's development plan and create a concrete next milestone for progression."", 'Be explicit about promotion expectations, timing, and the skills or outcomes needed for the next step.', 'Create a visible growth plan with ownership of a project, mentoring, training, or another development opportunity.', 'Agree on a clear review point so the employee is not left with an open-ended promise about progression.']"
EMP05066,technical,low,4,0.61,0.75,2,100,0,0,69.2,High,"['Workload imbalance (too many or too few projects)', 'Unhealthy working hours (over/under-work)', 'In a historically high-attrition tenure window']","['Review project allocation and rebalance the workload so responsibilities are challenging without becoming overwhelming.', ""Clarify priorities, remove low-value work where possible, and make sure responsibilities match the employee's role and capacity."", 'Explore a better-fit assignment, additional support, or a stretch opportunity depending on the workload pattern.', 'Review recent working hours, reset healthy boundaries, and rebalance work where sustained overwork is visible.', 'Discuss workload versus available capacity and encourage healthier working patterns, including time off where appropriate.', 'Look at the cause of unusually long or low hours and adjust staffing, priorities, or schedules where needed.', 'Set up a career conversation covering the next role, new responsibilities, and what growth could look like over the next 6–12 months.', ""Explore a stretch assignment, mentoring opportunity, or internal move to keep the employee's next step visible."", ""Refresh the employee's development plan and create a concrete next milestone for progression.""]"
EMP02780,technical,low,3,0.16,0.97,6,235,0,0,69.2,High,"['Low job satisfaction', 'No recent promotion / stalled growth', 'Below-market / low compensation band']","['Start with a confidential stay interview to understand what is making the employee unhappy and agree on practical changes.', 'Use a focused engagement check-in or pulse survey to uncover the main source of dissatisfaction.', 'Create a short action plan with the employee and manager around the biggest day-to-day pain point.', 'Be explicit about promotion expectations, timing, and the skills or outcomes needed for the next step.', 'Create a visible growth plan with ownership of a project, mentoring, training, or another development opportunity.', 'Agree on a clear review point so the employee is not left with an open-ended promise about progression.', 'Review pay against the role and market, and pair the conversation with recognition or other rewards where a change is not immediate.', 'Benchmark compensation for the role and explain the path for future pay progression as clearly as possible.', 'Consider a compensation review alongside recognition, bonus eligibility, flexibility, or development opportunities.']"
EMP04793,product_mng,low,5,0.17,0.91,4,260,0,0,69.19,High,"['Low job satisfaction', 'In a historically high-attrition tenure window', 'No recent promotion / stalled growth']","['Start with a confidential stay interview to understand what is making the employee unhappy and agree on practical changes.', 'Use a focused engagement check-in or pulse survey to uncover the main source of dissatisfaction.', 'Create a short action plan with the employee and manager around the biggest day-to-day pain point.', 'Set up a career conversation covering the next role, new responsibilities, and what growth could look like over the next 6–12 months.', ""Explore a stretch assignment, mentoring opportunity, or internal move to keep the employee's next step visible."", ""Refresh the employee's development plan and create a concrete next milestone for progression."", 'Be explicit about promotion expectations, timing, and the skills or outcomes needed for the next step.', 'Create a visible growth plan with ownership of a project, mentoring, training, or another development opportunity.', 'Agree on a clear review point so the employee is not left with an open-ended promise about progression.']"
EMP02146,sales,low,5,0.38,0.94,5,252,0,0,69.17,High,"['Low job satisfaction', 'In a historically high-attrition tenure window', 'No recent promotion / stalled growth']","['Start with a confidential stay interview to understand what is making the employee unhappy and agree on practical changes.', 'Use a focused engagement check-in or pulse survey to uncover the main source of dissatisfaction.', 'Create a short action plan with the employee and manager around the biggest day-to-day pain point.', 'Set up a career conversation covering the next role, new responsibilities, and what growth could look like over the next 6–12 months.', ""Explore a stretch assignment, mentoring opportunity, or internal move to keep the employee's next step visible."", ""Refresh the employee's development plan and create a concrete next milestone for progression."", 'Be explicit about promotion expectations, timing, and the skills or outcomes needed for the next step.', 'Create a visible growth plan with ownership of a project, mentoring, training, or another development opportunity.', 'Agree on a clear review point so the employee is not left with an open-ended promise about progression.']"
EMP08002,randd,low,3,0.35,0.67,2,116,0,0,69.0,High,"['Low job satisfaction', 'Workload imbalance (too many or too few projects)', 'No recent promotion / stalled growth']","['Start with a confidential stay interview to understand what is making the employee unhappy and agree on practical changes.', 'Use a focused engagement check-in or pulse survey to uncover the main source of dissatisfaction.', 'Create a short action plan with the employee and manager around the biggest day-to-day pain point.', 'Review project allocation and rebalance the workload so responsibilities are challenging without becoming overwhelming.', ""Clarify priorities, remove low-value work where possible, and make sure responsibilities match the employee's role and capacity."", 'Explore a better-fit assignment, additional support, or a stretch opportunity depending on the workload pattern.', 'Be explicit about promotion expectations, timing, and the skills or outcomes needed for the next step.', 'Create a visible growth plan with ownership of a project, mentoring, training, or another development opportunity.', 'Agree on a clear review point so the employee is not left with an open-ended promise about progression.']"
EMP10092,sales,low,4,0.2,0.69,2,160,0,0,69.0,High,"['Low job satisfaction', 'Workload imbalance (too many or too few projects)', 'In a historically high-attrition tenure window']","['Start with a confidential stay interview to understand what is making the employee unhappy and agree on practical changes.', 'Use a focused engagement check-in or pulse survey to uncover the main source of dissatisfaction.', 'Create a short action plan with the employee and manager around the biggest day-to-day pain point.', 'Review project allocation and rebalance the workload so responsibilities are challenging without becoming overwhelming.', ""Clarify priorities, remove low-value work where possible, and make sure responsibilities match the employee's role and capacity."", 'Explore a better-fit assignment, additional support, or a stretch opportunity depending on the workload pattern.', 'Set up a career conversation covering the next role, new responsibilities, and what growth could look like over the next 6–12 months.', ""Explore a stretch assignment, mentoring opportunity, or internal move to keep the employee's next step visible."", ""Refresh the employee's development plan and create a concrete next milestone for progression.""]"
EMP08185,sales,medium,5,0.17,0.85,6,245,0,0,68.97,High,"['Low job satisfaction', 'In a historically high-attrition tenure window', 'No recent promotion / stalled growth']","['Start with a confidential stay interview to understand what is making the employee unhappy and agree on practical changes.', 'Use a focused engagement check-in or pulse survey to uncover the main source of dissatisfaction.', 'Create a short action plan with the employee and manager around the biggest day-to-day pain point.', 'Set up a career conversation covering the next role, new responsibilities, and what growth could look like over the next 6–12 months.', ""Explore a stretch assignment, mentoring opportunity, or internal move to keep the employee's next step visible."", ""Refresh the employee's development plan and create a concrete next milestone for progression."", 'Be explicit about promotion expectations, timing, and the skills or outcomes needed for the next step.', 'Create a visible growth plan with ownership of a project, mentoring, training, or another development opportunity.', 'Agree on a clear review point so the employee is not left with an open-ended promise about progression.']"
EMP06852,product_mng,low,5,0.13,0.93,4,253,0,0,68.89,High,"['Low job satisfaction', 'In a historically high-attrition tenure window', 'No recent promotion / stalled growth']","['Start with a confidential stay interview to understand what is making the employee unhappy and agree on practical changes.', 'Use a focused engagement check-in or pulse survey to uncover the main source of dissatisfaction.', 'Create a short action plan with the employee and manager around the biggest day-to-day pain point.', 'Set up a career conversation covering the next role, new responsibilities, and what growth could look like over the next 6–12 months.', ""Explore a stretch assignment, mentoring opportunity, or internal move to keep the employee's next step visible."", ""Refresh the employee's development plan and create a concrete next milestone for progression."", 'Be explicit about promotion expectations, timing, and the skills or outcomes needed for the next step.', 'Create a visible growth plan with ownership of a project, mentoring, training, or another development opportunity.', 'Agree on a clear review point so the employee is not left with an open-ended promise about progression.']"
EMP02816,randd,low,3,0.2,0.89,6,244,0,0,68.86,High,"['Low job satisfaction', 'No recent promotion / stalled growth', 'Below-market / low compensation band']","['Start with a confidential stay interview to understand what is making the employee unhappy and agree on practical changes.', 'Use a focused engagement check-in or pulse survey to uncover the main source of dissatisfaction.', 'Create a short action plan with the employee and manager around the biggest day-to-day pain point.', 'Be explicit about promotion expectations, timing, and the skills or outcomes needed for the next step.', 'Create a visible growth plan with ownership of a project, mentoring, training, or another development opportunity.', 'Agree on a clear review point so the employee is not left with an open-ended promise about progression.', 'Review pay against the role and market, and pair the conversation with recognition or other rewards where a change is not immediate.', 'Benchmark compensation for the role and explain the path for future pay progression as clearly as possible.', 'Consider a compensation review alongside recognition, bonus eligibility, flexibility, or development opportunities.']"
EMP11697,product_mng,low,5,0.2,0.53,5,272,0,0,68.86,High,"['Low job satisfaction', 'In a historically high-attrition tenure window', 'No recent promotion / stalled growth']","['Start with a confidential stay interview to understand what is making the employee unhappy and agree on practical changes.', 'Use a focused engagement check-in or pulse survey to uncover the main source of dissatisfaction.', 'Create a short action plan with the employee and manager around the biggest day-to-day pain point.', 'Set up a career conversation covering the next role, new responsibilities, and what growth could look like over the next 6–12 months.', ""Explore a stretch assignment, mentoring opportunity, or internal move to keep the employee's next step visible."", ""Refresh the employee's development plan and create a concrete next milestone for progression."", 'Be explicit about promotion expectations, timing, and the skills or outcomes needed for the next step.', 'Create a visible growth plan with ownership of a project, mentoring, training, or another development opportunity.', 'Agree on a clear review point so the employee is not left with an open-ended promise about progression.']"
EMP07498,sales,low,3,0.14,0.41,6,114,0,0,68.8,High,"['Low job satisfaction', 'No recent promotion / stalled growth', 'Below-market / low compensation band']","['Start with a confidential stay interview to understand what is making the employee unhappy and agree on practical changes.', 'Use a focused engagement check-in or pulse survey to uncover the main source of dissatisfaction.', 'Create a short action plan with the employee and manager around the biggest day-to-day pain point.', 'Be explicit about promotion expectations, timing, and the skills or outcomes needed for the next step.', 'Create a visible growth plan with ownership of a project, mentoring, training, or another development opportunity.', 'Agree on a clear review point so the employee is not left with an open-ended promise about progression.', 'Review pay against the role and market, and pair the conversation with recognition or other rewards where a change is not immediate.', 'Benchmark compensation for the role and explain the path for future pay progression as clearly as possible.', 'Consider a compensation review alongside recognition, bonus eligibility, flexibility, or development opportunities.']"
EMP08275,technical,medium,5,0.21,0.96,4,287,0,0,68.77,High,"['Low job satisfaction', 'Unhealthy working hours (over/under-work)', 'In a historically high-attrition tenure window']","['Start with a confidential stay interview to understand what is making the employee unhappy and agree on practical changes.', 'Use a focused engagement check-in or pulse survey to uncover the main source of dissatisfaction.', 'Create a short action plan with the employee and manager around the biggest day-to-day pain point.', 'Review recent working hours, reset healthy boundaries, and rebalance work where sustained overwork is visible.', 'Discuss workload versus available capacity and encourage healthier working patterns, including time off where appropriate.', 'Look at the cause of unusually long or low hours and adjust staffing, priorities, or schedules where needed.', 'Set up a career conversation covering the next role, new responsibilities, and what growth could look like over the next 6–12 months.', ""Explore a stretch assignment, mentoring opportunity, or internal move to keep the employee's next step visible."", ""Refresh the employee's development plan and create a concrete next milestone for progression.""]"
EMP06805,sales,low,3,0.17,0.57,5,286,0,0,68.76,High,"['Low job satisfaction', 'No recent promotion / stalled growth', 'Below-market / low compensation band']","['Start with a confidential stay interview to understand what is making the employee unhappy and agree on practical changes.', 'Use a focused engagement check-in or pulse survey to uncover the main source of dissatisfaction.', 'Create a short action plan with the employee and manager around the biggest day-to-day pain point.', 'Be explicit about promotion expectations, timing, and the skills or outcomes needed for the next step.', 'Create a visible growth plan with ownership of a project, mentoring, training, or another development opportunity.', 'Agree on a clear review point so the employee is not left with an open-ended promise about progression.', 'Review pay against the role and market, and pair the conversation with recognition or other rewards where a change is not immediate.', 'Benchmark compensation for the role and explain the path for future pay progression as clearly as possible.', 'Consider a compensation review alongside recognition, bonus eligibility, flexibility, or development opportunities.']"
EMP02490,technical,low,3,0.45,0.52,2,105,0,0,68.75,High,"['Low job satisfaction', 'Workload imbalance (too many or too few projects)', 'Unhealthy working hours (over/under-work)']","['Start with a confidential stay interview to understand what is making the employee unhappy and agree on practical changes.', 'Use a focused engagement check-in or pulse survey to uncover the main source of dissatisfaction.', 'Create a short action plan with the employee and manager around the biggest day-to-day pain point.', 'Review project allocation and rebalance the workload so responsibilities are challenging without becoming overwhelming.', ""Clarify priorities, remove low-value work where possible, and make sure responsibilities match the employee's role and capacity."", 'Explore a better-fit assignment, additional support, or a stretch opportunity depending on the workload pattern.', 'Review recent working hours, reset healthy boundaries, and rebalance work where sustained overwork is visible.', 'Discuss workload versus available capacity and encourage healthier working patterns, including time off where appropriate.', 'Look at the cause of unusually long or low hours and adjust staffing, priorities, or schedules where needed.']"
EMP02691,accounting,low,5,0.3,0.86,3,276,0,0,68.71,High,"['Low job satisfaction', 'In a historically high-attrition tenure window', 'No recent promotion / stalled growth']","['Start with a confidential stay interview to understand what is making the employee unhappy and agree on practical changes.', 'Use a focused engagement check-in or pulse survey to uncover the main source of dissatisfaction.', 'Create a short action plan with the employee and manager around the biggest day-to-day pain point.', 'Set up a career conversation covering the next role, new responsibilities, and what growth could look like over the next 6–12 months.', ""Explore a stretch assignment, mentoring opportunity, or internal move to keep the employee's next step visible."", ""Refresh the employee's development plan and create a concrete next milestone for progression."", 'Be explicit about promotion expectations, timing, and the skills or outcomes needed for the next step.', 'Create a visible growth plan with ownership of a project, mentoring, training, or another development opportunity.', 'Agree on a clear review point so the employee is not left with an open-ended promise about progression.']"
EMP04208,sales,low,5,0.25,0.82,3,269,0,0,68.71,High,"['Low job satisfaction', 'In a historically high-attrition tenure window', 'No recent promotion / stalled growth']","['Start with a confidential stay interview to understand what is making the employee unhappy and agree on practical changes.', 'Use a focused engagement check-in or pulse survey to uncover the main source of dissatisfaction.', 'Create a short action plan with the employee and manager around the biggest day-to-day pain point.', 'Set up a career conversation covering the next role, new responsibilities, and what growth could look like over the next 6–12 months.', ""Explore a stretch assignment, mentoring opportunity, or internal move to keep the employee's next step visible."", ""Refresh the employee's development plan and create a concrete next milestone for progression."", 'Be explicit about promotion expectations, timing, and the skills or outcomes needed for the next step.', 'Create a visible growth plan with ownership of a project, mentoring, training, or another development opportunity.', 'Agree on a clear review point so the employee is not left with an open-ended promise about progression.']"
EMP03586,marketing,low,5,0.31,0.98,5,232,0,0,68.7,High,"['Low job satisfaction', 'In a historically high-attrition tenure window', 'No recent promotion / stalled growth']","['Start with a confidential stay interview to understand what is making the employee unhappy and agree on practical changes.', 'Use a focused engagement check-in or pulse survey to uncover the main source of dissatisfaction.', 'Create a short action plan with the employee and manager around the biggest day-to-day pain point.', 'Set up a career conversation covering the next role, new responsibilities, and what growth could look like over the next 6–12 months.', ""Explore a stretch assignment, mentoring opportunity, or internal move to keep the employee's next step visible."", ""Refresh the employee's development plan and create a concrete next milestone for progression."", 'Be explicit about promotion expectations, timing, and the skills or outcomes needed for the next step.', 'Create a visible growth plan with ownership of a project, mentoring, training, or another development opportunity.', 'Agree on a clear review point so the employee is not left with an open-ended promise about progression.']"
EMP07797,sales,medium,3,0.17,0.45,2,119,0,0,68.65,High,"['Low job satisfaction', 'Workload imbalance (too many or too few projects)', 'No recent promotion / stalled growth']","['Start with a confidential stay interview to understand what is making the employee unhappy and agree on practical changes.', 'Use a focused engagement check-in or pulse survey to uncover the main source of dissatisfaction.', 'Create a short action plan with the employee and manager around the biggest day-to-day pain point.', 'Review project allocation and rebalance the workload so responsibilities are challenging without becoming overwhelming.', ""Clarify priorities, remove low-value work where possible, and make sure responsibilities match the employee's role and capacity."", 'Explore a better-fit assignment, additional support, or a stretch opportunity depending on the workload pattern.', 'Be explicit about promotion expectations, timing, and the skills or outcomes needed for the next step.', 'Create a visible growth plan with ownership of a project, mentoring, training, or another development opportunity.', 'Agree on a clear review point so the employee is not left with an open-ended promise about progression.']"
EMP10899,product_mng,medium,4,0.18,0.9,4,282,0,0,68.6,High,"['Low job satisfaction', 'In a historically high-attrition tenure window', 'No recent promotion / stalled growth']","['Start with a confidential stay interview to understand what is making the employee unhappy and agree on practical changes.', 'Use a focused engagement check-in or pulse survey to uncover the main source of dissatisfaction.', 'Create a short action plan with the employee and manager around the biggest day-to-day pain point.', 'Set up a career conversation covering the next role, new responsibilities, and what growth could look like over the next 6–12 months.', ""Explore a stretch assignment, mentoring opportunity, or internal move to keep the employee's next step visible."", ""Refresh the employee's development plan and create a concrete next milestone for progression."", 'Be explicit about promotion expectations, timing, and the skills or outcomes needed for the next step.', 'Create a visible growth plan with ownership of a project, mentoring, training, or another development opportunity.', 'Agree on a clear review point so the employee is not left with an open-ended promise about progression.']"
EMP04184,it,medium,5,0.37,0.48,2,285,0,0,68.54,High,"['Low job satisfaction', 'Workload imbalance (too many or too few projects)', 'In a historically high-attrition tenure window']","['Start with a confidential stay interview to understand what is making the employee unhappy and agree on practical changes.', 'Use a focused engagement check-in or pulse survey to uncover the main source of dissatisfaction.', 'Create a short action plan with the employee and manager around the biggest day-to-day pain point.', 'Review project allocation and rebalance the workload so responsibilities are challenging without becoming overwhelming.', ""Clarify priorities, remove low-value work where possible, and make sure responsibilities match the employee's role and capacity."", 'Explore a better-fit assignment, additional support, or a stretch opportunity depending on the workload pattern.', 'Set up a career conversation covering the next role, new responsibilities, and what growth could look like over the next 6–12 months.', ""Explore a stretch assignment, mentoring opportunity, or internal move to keep the employee's next step visible."", ""Refresh the employee's development plan and create a concrete next milestone for progression.""]"
EMP09163,sales,low,3,0.3,0.58,2,124,0,0,68.5,High,"['Low job satisfaction', 'Workload imbalance (too many or too few projects)', 'No recent promotion / stalled growth']","['Start with a confidential stay interview to understand what is making the employee unhappy and agree on practical changes.', 'Use a focused engagement check-in or pulse survey to uncover the main source of dissatisfaction.', 'Create a short action plan with the employee and manager around the biggest day-to-day pain point.', 'Review project allocation and rebalance the workload so responsibilities are challenging without becoming overwhelming.', ""Clarify priorities, remove low-value work where possible, and make sure responsibilities match the employee's role and capacity."", 'Explore a better-fit assignment, additional support, or a stretch opportunity depending on the workload pattern.', 'Be explicit about promotion expectations, timing, and the skills or outcomes needed for the next step.', 'Create a visible growth plan with ownership of a project, mentoring, training, or another development opportunity.', 'Agree on a clear review point so the employee is not left with an open-ended promise about progression.']"
EMP02035,technical,low,3,0.33,0.88,6,260,0,0,68.39,High,"['Low job satisfaction', 'No recent promotion / stalled growth', 'Below-market / low compensation band']","['Start with a confidential stay interview to understand what is making the employee unhappy and agree on practical changes.', 'Use a focused engagement check-in or pulse survey to uncover the main source of dissatisfaction.', 'Create a short action plan with the employee and manager around the biggest day-to-day pain point.', 'Be explicit about promotion expectations, timing, and the skills or outcomes needed for the next step.', 'Create a visible growth plan with ownership of a project, mentoring, training, or another development opportunity.', 'Agree on a clear review point so the employee is not left with an open-ended promise about progression.', 'Review pay against the role and market, and pair the conversation with recognition or other rewards where a change is not immediate.', 'Benchmark compensation for the role and explain the path for future pay progression as clearly as possible.', 'Consider a compensation review alongside recognition, bonus eligibility, flexibility, or development opportunities.']"
EMP08993,randd,medium,5,0.19,0.81,5,245,0,0,68.37,High,"['Low job satisfaction', 'In a historically high-attrition tenure window', 'No recent promotion / stalled growth']","['Start with a confidential stay interview to understand what is making the employee unhappy and agree on practical changes.', 'Use a focused engagement check-in or pulse survey to uncover the main source of dissatisfaction.', 'Create a short action plan with the employee and manager around the biggest day-to-day pain point.', 'Set up a career conversation covering the next role, new responsibilities, and what growth could look like over the next 6–12 months.', ""Explore a stretch assignment, mentoring opportunity, or internal move to keep the employee's next step visible."", ""Refresh the employee's development plan and create a concrete next milestone for progression."", 'Be explicit about promotion expectations, timing, and the skills or outcomes needed for the next step.', 'Create a visible growth plan with ownership of a project, mentoring, training, or another development opportunity.', 'Agree on a clear review point so the employee is not left with an open-ended promise about progression.']"
EMP10538,sales,medium,5,0.13,0.61,6,283,0,0,68.31,High,"['Low job satisfaction', 'In a historically high-attrition tenure window', 'No recent promotion / stalled growth']","['Start with a confidential stay interview to understand what is making the employee unhappy and agree on practical changes.', 'Use a focused engagement check-in or pulse survey to uncover the main source of dissatisfaction.', 'Create a short action plan with the employee and manager around the biggest day-to-day pain point.', 'Set up a career conversation covering the next role, new responsibilities, and what growth could look like over the next 6–12 months.', ""Explore a stretch assignment, mentoring opportunity, or internal move to keep the employee's next step visible."", ""Refresh the employee's development plan and create a concrete next milestone for progression."", 'Be explicit about promotion expectations, timing, and the skills or outcomes needed for the next step.', 'Create a visible growth plan with ownership of a project, mentoring, training, or another development opportunity.', 'Agree on a clear review point so the employee is not left with an open-ended promise about progression.']"
EMP10047,support,medium,3,0.31,0.37,2,104,0,0,68.2,High,"['Low job satisfaction', 'Workload imbalance (too many or too few projects)', 'Unhealthy working hours (over/under-work)']","['Start with a confidential stay interview to understand what is making the employee unhappy and agree on practical changes.', 'Use a focused engagement check-in or pulse survey to uncover the main source of dissatisfaction.', 'Create a short action plan with the employee and manager around the biggest day-to-day pain point.', 'Review project allocation and rebalance the workload so responsibilities are challenging without becoming overwhelming.', ""Clarify priorities, remove low-value work where possible, and make sure responsibilities match the employee's role and capacity."", 'Explore a better-fit assignment, additional support, or a stretch opportunity depending on the workload pattern.', 'Review recent working hours, reset healthy boundaries, and rebalance work where sustained overwork is visible.', 'Discuss workload versus available capacity and encourage healthier working patterns, including time off where appropriate.', 'Look at the cause of unusually long or low hours and adjust staffing, priorities, or schedules where needed.']"
EMP06492,sales,low,4,0.4,0.87,5,250,0,0,68.14,High,"['Low job satisfaction', 'In a historically high-attrition tenure window', 'No recent promotion / stalled growth']","['Start with a confidential stay interview to understand what is making the employee unhappy and agree on practical changes.', 'Use a focused engagement check-in or pulse survey to uncover the main source of dissatisfaction.', 'Create a short action plan with the employee and manager around the biggest day-to-day pain point.', 'Set up a career conversation covering the next role, new responsibilities, and what growth could look like over the next 6–12 months.', ""Explore a stretch assignment, mentoring opportunity, or internal move to keep the employee's next step visible."", ""Refresh the employee's development plan and create a concrete next milestone for progression."", 'Be explicit about promotion expectations, timing, and the skills or outcomes needed for the next step.', 'Create a visible growth plan with ownership of a project, mentoring, training, or another development opportunity.', 'Agree on a clear review point so the employee is not left with an open-ended promise about progression.']"
EMP11651,randd,high,3,0.15,0.81,5,280,0,0,68.07,High,"['Low job satisfaction', 'No recent promotion / stalled growth', 'High performer showing silent burnout signs']","['Start with a confidential stay interview to understand what is making the employee unhappy and agree on practical changes.', 'Use a focused engagement check-in or pulse survey to uncover the main source of dissatisfaction.', 'Create a short action plan with the employee and manager around the biggest day-to-day pain point.', 'Be explicit about promotion expectations, timing, and the skills or outcomes needed for the next step.', 'Create a visible growth plan with ownership of a project, mentoring, training, or another development opportunity.', 'Agree on a clear review point so the employee is not left with an open-ended promise about progression.', 'Bring the manager and HR together for a priority retention conversation, then reduce avoidable pressure and recognize recent performance.', 'Protect the employee from sustained overload while keeping recognition high; strong performance should not depend on endless extra hours.', ""Use a focused leadership check-in to address burnout signals, workload, recognition, and the employee's longer-term goals.""]"
EMP02242,technical,medium,3,0.16,0.9,5,258,0,0,68.06,High,"['Low job satisfaction', 'No recent promotion / stalled growth', 'High performer showing silent burnout signs']","['Start with a confidential stay interview to understand what is making the employee unhappy and agree on practical changes.', 'Use a focused engagement check-in or pulse survey to uncover the main source of dissatisfaction.', 'Create a short action plan with the employee and manager around the biggest day-to-day pain point.', 'Be explicit about promotion expectations, timing, and the skills or outcomes needed for the next step.', 'Create a visible growth plan with ownership of a project, mentoring, training, or another development opportunity.', 'Agree on a clear review point so the employee is not left with an open-ended promise about progression.', 'Bring the manager and HR together for a priority retention conversation, then reduce avoidable pressure and recognize recent performance.', 'Protect the employee from sustained overload while keeping recognition high; strong performance should not depend on endless extra hours.', ""Use a focused leadership check-in to address burnout signals, workload, recognition, and the employee's longer-term goals.""]"
EMP11061,it,low,4,0.14,0.56,5,259,0,0,67.87,High,"['Low job satisfaction', 'In a historically high-attrition tenure window', 'No recent promotion / stalled growth']","['Start with a confidential stay interview to understand what is making the employee unhappy and agree on practical changes.', 'Use a focused engagement check-in or pulse survey to uncover the main source of dissatisfaction.', 'Create a short action plan with the employee and manager around the biggest day-to-day pain point.', 'Set up a career conversation covering the next role, new responsibilities, and what growth could look like over the next 6–12 months.', ""Explore a stretch assignment, mentoring opportunity, or internal move to keep the employee's next step visible."", ""Refresh the employee's development plan and create a concrete next milestone for progression."", 'Be explicit about promotion expectations, timing, and the skills or outcomes needed for the next step.', 'Create a visible growth plan with ownership of a project, mentoring, training, or another development opportunity.', 'Agree on a clear review point so the employee is not left with an open-ended promise about progression.']"
EMP09826,it,low,5,0.34,0.42,6,287,0,0,67.87,High,"['Low job satisfaction', 'Unhealthy working hours (over/under-work)', 'In a historically high-attrition tenure window']","['Start with a confidential stay interview to understand what is making the employee unhappy and agree on practical changes.', 'Use a focused engagement check-in or pulse survey to uncover the main source of dissatisfaction.', 'Create a short action plan with the employee and manager around the biggest day-to-day pain point.', 'Review recent working hours, reset healthy boundaries, and rebalance work where sustained overwork is visible.', 'Discuss workload versus available capacity and encourage healthier working patterns, including time off where appropriate.', 'Look at the cause of unusually long or low hours and adjust staffing, priorities, or schedules where needed.', 'Set up a career conversation covering the next role, new responsibilities, and what growth could look like over the next 6–12 months.', ""Explore a stretch assignment, mentoring opportunity, or internal move to keep the employee's next step visible."", ""Refresh the employee's development plan and create a concrete next milestone for progression.""]"
EMP09497,technical,low,4,0.25,0.87,3,265,0,0,67.86,High,"['Low job satisfaction', 'In a historically high-attrition tenure window', 'No recent promotion / stalled growth']","['Start with a confidential stay interview to understand what is making the employee unhappy and agree on practical changes.', 'Use a focused engagement check-in or pulse survey to uncover the main source of dissatisfaction.', 'Create a short action plan with the employee and manager around the biggest day-to-day pain point.', 'Set up a career conversation covering the next role, new responsibilities, and what growth could look like over the next 6–12 months.', ""Explore a stretch assignment, mentoring opportunity, or internal move to keep the employee's next step visible."", ""Refresh the employee's development plan and create a concrete next milestone for progression."", 'Be explicit about promotion expectations, timing, and the skills or outcomes needed for the next step.', 'Create a visible growth plan with ownership of a project, mentoring, training, or another development opportunity.', 'Agree on a clear review point so the employee is not left with an open-ended promise about progression.']"
EMP07737,technical,low,3,0.38,0.67,2,117,0,0,67.85,High,"['Low job satisfaction', 'Workload imbalance (too many or too few projects)', 'No recent promotion / stalled growth']","['Start with a confidential stay interview to understand what is making the employee unhappy and agree on practical changes.', 'Use a focused engagement check-in or pulse survey to uncover the main source of dissatisfaction.', 'Create a short action plan with the employee and manager around the biggest day-to-day pain point.', 'Review project allocation and rebalance the workload so responsibilities are challenging without becoming overwhelming.', ""Clarify priorities, remove low-value work where possible, and make sure responsibilities match the employee's role and capacity."", 'Explore a better-fit assignment, additional support, or a stretch opportunity depending on the workload pattern.', 'Be explicit about promotion expectations, timing, and the skills or outcomes needed for the next step.', 'Create a visible growth plan with ownership of a project, mentoring, training, or another development opportunity.', 'Agree on a clear review point so the employee is not left with an open-ended promise about progression.']"
EMP04604,hr,low,5,0.48,0.6,2,121,0,0,67.85,High,"['Low job satisfaction', 'Workload imbalance (too many or too few projects)', 'In a historically high-attrition tenure window']","['Start with a confidential stay interview to understand what is making the employee unhappy and agree on practical changes.', 'Use a focused engagement check-in or pulse survey to uncover the main source of dissatisfaction.', 'Create a short action plan with the employee and manager around the biggest day-to-day pain point.', 'Review project allocation and rebalance the workload so responsibilities are challenging without becoming overwhelming.', ""Clarify priorities, remove low-value work where possible, and make sure responsibilities match the employee's role and capacity."", 'Explore a better-fit assignment, additional support, or a stretch opportunity depending on the workload pattern.', 'Set up a career conversation covering the next role, new responsibilities, and what growth could look like over the next 6–12 months.', ""Explore a stretch assignment, mentoring opportunity, or internal move to keep the employee's next step visible."", ""Refresh the employee's development plan and create a concrete next milestone for progression.""]"
EMP05627,it,low,5,0.24,0.79,2,175,0,0,67.8,High,"['Low job satisfaction', 'Workload imbalance (too many or too few projects)', 'In a historically high-attrition tenure window']","['Start with a confidential stay interview to understand what is making the employee unhappy and agree on practical changes.', 'Use a focused engagement check-in or pulse survey to uncover the main source of dissatisfaction.', 'Create a short action plan with the employee and manager around the biggest day-to-day pain point.', 'Review project allocation and rebalance the workload so responsibilities are challenging without becoming overwhelming.', ""Clarify priorities, remove low-value work where possible, and make sure responsibilities match the employee's role and capacity."", 'Explore a better-fit assignment, additional support, or a stretch opportunity depending on the workload pattern.', 'Set up a career conversation covering the next role, new responsibilities, and what growth could look like over the next 6–12 months.', ""Explore a stretch assignment, mentoring opportunity, or internal move to keep the employee's next step visible."", ""Refresh the employee's development plan and create a concrete next milestone for progression.""]"
EMP08158,randd,low,6,0.21,0.85,6,235,0,0,67.7,High,"['Low job satisfaction', 'No recent promotion / stalled growth', 'Below-market / low compensation band']","['Start with a confidential stay interview to understand what is making the employee unhappy and agree on practical changes.', 'Use a focused engagement check-in or pulse survey to uncover the main source of dissatisfaction.', 'Create a short action plan with the employee and manager around the biggest day-to-day pain point.', 'Be explicit about promotion expectations, timing, and the skills or outcomes needed for the next step.', 'Create a visible growth plan with ownership of a project, mentoring, training, or another development opportunity.', 'Agree on a clear review point so the employee is not left with an open-ended promise about progression.', 'Review pay against the role and market, and pair the conversation with recognition or other rewards where a change is not immediate.', 'Benchmark compensation for the role and explain the path for future pay progression as clearly as possible.', 'Consider a compensation review alongside recognition, bonus eligibility, flexibility, or development opportunities.']"
EMP02214,sales,medium,4,0.26,0.63,6,100,0,0,67.7,High,"['Low job satisfaction', 'Unhealthy working hours (over/under-work)', 'In a historically high-attrition tenure window']","['Start with a confidential stay interview to understand what is making the employee unhappy and agree on practical changes.', 'Use a focused engagement check-in or pulse survey to uncover the main source of dissatisfaction.', 'Create a short action plan with the employee and manager around the biggest day-to-day pain point.', 'Review recent working hours, reset healthy boundaries, and rebalance work where sustained overwork is visible.', 'Discuss workload versus available capacity and encourage healthier working patterns, including time off where appropriate.', 'Look at the cause of unusually long or low hours and adjust staffing, priorities, or schedules where needed.', 'Set up a career conversation covering the next role, new responsibilities, and what growth could look like over the next 6–12 months.', ""Explore a stretch assignment, mentoring opportunity, or internal move to keep the employee's next step visible."", ""Refresh the employee's development plan and create a concrete next milestone for progression.""]"
EMP07111,sales,low,3,0.46,0.79,2,108,0,0,67.7,High,"['Low job satisfaction', 'Workload imbalance (too many or too few projects)', 'Unhealthy working hours (over/under-work)']","['Start with a confidential stay interview to understand what is making the employee unhappy and agree on practical changes.', 'Use a focused engagement check-in or pulse survey to uncover the main source of dissatisfaction.', 'Create a short action plan with the employee and manager around the biggest day-to-day pain point.', 'Review project allocation and rebalance the workload so responsibilities are challenging without becoming overwhelming.', ""Clarify priorities, remove low-value work where possible, and make sure responsibilities match the employee's role and capacity."", 'Explore a better-fit assignment, additional support, or a stretch opportunity depending on the workload pattern.', 'Review recent working hours, reset healthy boundaries, and rebalance work where sustained overwork is visible.', 'Discuss workload versus available capacity and encourage healthier working patterns, including time off where appropriate.', 'Look at the cause of unusually long or low hours and adjust staffing, priorities, or schedules where needed.']"
EMP10706,accounting,medium,4,0.14,0.66,5,281,0,0,67.59,High,"['Low job satisfaction', 'In a historically high-attrition tenure window', 'No recent promotion / stalled growth']","['Start with a confidential stay interview to understand what is making the employee unhappy and agree on practical changes.', 'Use a focused engagement check-in or pulse survey to uncover the main source of dissatisfaction.', 'Create a short action plan with the employee and manager around the biggest day-to-day pain point.', 'Set up a career conversation covering the next role, new responsibilities, and what growth could look like over the next 6–12 months.', ""Explore a stretch assignment, mentoring opportunity, or internal move to keep the employee's next step visible."", ""Refresh the employee's development plan and create a concrete next milestone for progression."", 'Be explicit about promotion expectations, timing, and the skills or outcomes needed for the next step.', 'Create a visible growth plan with ownership of a project, mentoring, training, or another development opportunity.', 'Agree on a clear review point so the employee is not left with an open-ended promise about progression.']"
EMP02895,accounting,low,4,0.3,0.7,5,280,0,0,67.57,High,"['Low job satisfaction', 'In a historically high-attrition tenure window', 'No recent promotion / stalled growth']","['Start with a confidential stay interview to understand what is making the employee unhappy and agree on practical changes.', 'Use a focused engagement check-in or pulse survey to uncover the main source of dissatisfaction.', 'Create a short action plan with the employee and manager around the biggest day-to-day pain point.', 'Set up a career conversation covering the next role, new responsibilities, and what growth could look like over the next 6–12 months.', ""Explore a stretch assignment, mentoring opportunity, or internal move to keep the employee's next step visible."", ""Refresh the employee's development plan and create a concrete next milestone for progression."", 'Be explicit about promotion expectations, timing, and the skills or outcomes needed for the next step.', 'Create a visible growth plan with ownership of a project, mentoring, training, or another development opportunity.', 'Agree on a clear review point so the employee is not left with an open-ended promise about progression.']"
EMP03427,sales,low,5,0.24,0.48,5,123,0,0,67.55,High,"['Low job satisfaction', 'In a historically high-attrition tenure window', 'No recent promotion / stalled growth']","['Start with a confidential stay interview to understand what is making the employee unhappy and agree on practical changes.', 'Use a focused engagement check-in or pulse survey to uncover the main source of dissatisfaction.', 'Create a short action plan with the employee and manager around the biggest day-to-day pain point.', 'Set up a career conversation covering the next role, new responsibilities, and what growth could look like over the next 6–12 months.', ""Explore a stretch assignment, mentoring opportunity, or internal move to keep the employee's next step visible."", ""Refresh the employee's development plan and create a concrete next milestone for progression."", 'Be explicit about promotion expectations, timing, and the skills or outcomes needed for the next step.', 'Create a visible growth plan with ownership of a project, mentoring, training, or another development opportunity.', 'Agree on a clear review point so the employee is not left with an open-ended promise about progression.']"
EMP07084,product_mng,low,4,0.29,0.95,5,117,0,0,67.55,High,"['Low job satisfaction', 'In a historically high-attrition tenure window', 'No recent promotion / stalled growth']","['Start with a confidential stay interview to understand what is making the employee unhappy and agree on practical changes.', 'Use a focused engagement check-in or pulse survey to uncover the main source of dissatisfaction.', 'Create a short action plan with the employee and manager around the biggest day-to-day pain point.', 'Set up a career conversation covering the next role, new responsibilities, and what growth could look like over the next 6–12 months.', ""Explore a stretch assignment, mentoring opportunity, or internal move to keep the employee's next step visible."", ""Refresh the employee's development plan and create a concrete next milestone for progression."", 'Be explicit about promotion expectations, timing, and the skills or outcomes needed for the next step.', 'Create a visible growth plan with ownership of a project, mentoring, training, or another development opportunity.', 'Agree on a clear review point so the employee is not left with an open-ended promise about progression.']"
EMP09858,sales,medium,6,0.12,0.81,4,287,0,0,67.47,High,"['Low job satisfaction', 'Unhealthy working hours (over/under-work)', 'No recent promotion / stalled growth']","['Start with a confidential stay interview to understand what is making the employee unhappy and agree on practical changes.', 'Use a focused engagement check-in or pulse survey to uncover the main source of dissatisfaction.', 'Create a short action plan with the employee and manager around the biggest day-to-day pain point.', 'Review recent working hours, reset healthy boundaries, and rebalance work where sustained overwork is visible.', 'Discuss workload versus available capacity and encourage healthier working patterns, including time off where appropriate.', 'Look at the cause of unusually long or low hours and adjust staffing, priorities, or schedules where needed.', 'Be explicit about promotion expectations, timing, and the skills or outcomes needed for the next step.', 'Create a visible growth plan with ownership of a project, mentoring, training, or another development opportunity.', 'Agree on a clear review point so the employee is not left with an open-ended promise about progression.']"
EMP03337,it,medium,4,0.17,0.78,6,284,0,0,67.33,High,"['Low job satisfaction', 'In a historically high-attrition tenure window', 'No recent promotion / stalled growth']","['Start with a confidential stay interview to understand what is making the employee unhappy and agree on practical changes.', 'Use a focused engagement check-in or pulse survey to uncover the main source of dissatisfaction.', 'Create a short action plan with the employee and manager around the biggest day-to-day pain point.', 'Set up a career conversation covering the next role, new responsibilities, and what growth could look like over the next 6–12 months.', ""Explore a stretch assignment, mentoring opportunity, or internal move to keep the employee's next step visible."", ""Refresh the employee's development plan and create a concrete next milestone for progression."", 'Be explicit about promotion expectations, timing, and the skills or outcomes needed for the next step.', 'Create a visible growth plan with ownership of a project, mentoring, training, or another development opportunity.', 'Agree on a clear review point so the employee is not left with an open-ended promise about progression.']"
EMP09490,hr,medium,5,0.29,0.57,5,98,0,0,67.3,High,"['Low job satisfaction', 'Unhealthy working hours (over/under-work)', 'In a historically high-attrition tenure window']","['Start with a confidential stay interview to understand what is making the employee unhappy and agree on practical changes.', 'Use a focused engagement check-in or pulse survey to uncover the main source of dissatisfaction.', 'Create a short action plan with the employee and manager around the biggest day-to-day pain point.', 'Review recent working hours, reset healthy boundaries, and rebalance work where sustained overwork is visible.', 'Discuss workload versus available capacity and encourage healthier working patterns, including time off where appropriate.', 'Look at the cause of unusually long or low hours and adjust staffing, priorities, or schedules where needed.', 'Set up a career conversation covering the next role, new responsibilities, and what growth could look like over the next 6–12 months.', ""Explore a stretch assignment, mentoring opportunity, or internal move to keep the employee's next step visible."", ""Refresh the employee's development plan and create a concrete next milestone for progression.""]"
EMP02344,it,low,3,0.54,0.73,2,100,0,0,67.3,High,"['Workload imbalance (too many or too few projects)', 'Low job satisfaction', 'Unhealthy working hours (over/under-work)']","['Review project allocation and rebalance the workload so responsibilities are challenging without becoming overwhelming.', ""Clarify priorities, remove low-value work where possible, and make sure responsibilities match the employee's role and capacity."", 'Explore a better-fit assignment, additional support, or a stretch opportunity depending on the workload pattern.', 'Start with a confidential stay interview to understand what is making the employee unhappy and agree on practical changes.', 'Use a focused engagement check-in or pulse survey to uncover the main source of dissatisfaction.', 'Create a short action plan with the employee and manager around the biggest day-to-day pain point.', 'Review recent working hours, reset healthy boundaries, and rebalance work where sustained overwork is visible.', 'Discuss workload versus available capacity and encourage healthier working patterns, including time off where appropriate.', 'Look at the cause of unusually long or low hours and adjust staffing, priorities, or schedules where needed.']"
EMP02078,sales,low,5,0.12,0.87,4,244,0,0,67.26,High,"['Low job satisfaction', 'In a historically high-attrition tenure window', 'No recent promotion / stalled growth']","['Start with a confidential stay interview to understand what is making the employee unhappy and agree on practical changes.', 'Use a focused engagement check-in or pulse survey to uncover the main source of dissatisfaction.', 'Create a short action plan with the employee and manager around the biggest day-to-day pain point.', 'Set up a career conversation covering the next role, new responsibilities, and what growth could look like over the next 6–12 months.', ""Explore a stretch assignment, mentoring opportunity, or internal move to keep the employee's next step visible."", ""Refresh the employee's development plan and create a concrete next milestone for progression."", 'Be explicit about promotion expectations, timing, and the skills or outcomes needed for the next step.', 'Create a visible growth plan with ownership of a project, mentoring, training, or another development opportunity.', 'Agree on a clear review point so the employee is not left with an open-ended promise about progression.']"
EMP10402,accounting,low,4,0.45,0.5,5,99,0,0,67.25,High,"['Low job satisfaction', 'Unhealthy working hours (over/under-work)', 'In a historically high-attrition tenure window']","['Start with a confidential stay interview to understand what is making the employee unhappy and agree on practical changes.', 'Use a focused engagement check-in or pulse survey to uncover the main source of dissatisfaction.', 'Create a short action plan with the employee and manager around the biggest day-to-day pain point.', 'Review recent working hours, reset healthy boundaries, and rebalance work where sustained overwork is visible.', 'Discuss workload versus available capacity and encourage healthier working patterns, including time off where appropriate.', 'Look at the cause of unusually long or low hours and adjust staffing, priorities, or schedules where needed.', 'Set up a career conversation covering the next role, new responsibilities, and what growth could look like over the next 6–12 months.', ""Explore a stretch assignment, mentoring opportunity, or internal move to keep the employee's next step visible."", ""Refresh the employee's development plan and create a concrete next milestone for progression.""]"
EMP06266,sales,low,5,0.46,0.87,5,254,0,0,67.2,High,"['Low job satisfaction', 'In a historically high-attrition tenure window', 'No recent promotion / stalled growth']","['Start with a confidential stay interview to understand what is making the employee unhappy and agree on practical changes.', 'Use a focused engagement check-in or pulse survey to uncover the main source of dissatisfaction.', 'Create a short action plan with the employee and manager around the biggest day-to-day pain point.', 'Set up a career conversation covering the next role, new responsibilities, and what growth could look like over the next 6–12 months.', ""Explore a stretch assignment, mentoring opportunity, or internal move to keep the employee's next step visible."", ""Refresh the employee's development plan and create a concrete next milestone for progression."", 'Be explicit about promotion expectations, timing, and the skills or outcomes needed for the next step.', 'Create a visible growth plan with ownership of a project, mentoring, training, or another development opportunity.', 'Agree on a clear review point so the employee is not left with an open-ended promise about progression.']"
EMP04086,support,low,3,0.3,0.8,6,250,0,0,67.14,High,"['Low job satisfaction', 'No recent promotion / stalled growth', 'Below-market / low compensation band']","['Start with a confidential stay interview to understand what is making the employee unhappy and agree on practical changes.', 'Use a focused engagement check-in or pulse survey to uncover the main source of dissatisfaction.', 'Create a short action plan with the employee and manager around the biggest day-to-day pain point.', 'Be explicit about promotion expectations, timing, and the skills or outcomes needed for the next step.', 'Create a visible growth plan with ownership of a project, mentoring, training, or another development opportunity.', 'Agree on a clear review point so the employee is not left with an open-ended promise about progression.', 'Review pay against the role and market, and pair the conversation with recognition or other rewards where a change is not immediate.', 'Benchmark compensation for the role and explain the path for future pay progression as clearly as possible.', 'Consider a compensation review alongside recognition, bonus eligibility, flexibility, or development opportunities.']"
EMP04207,sales,low,5,0.25,0.62,6,271,0,0,67.14,High,"['Low job satisfaction', 'In a historically high-attrition tenure window', 'No recent promotion / stalled growth']","['Start with a confidential stay interview to understand what is making the employee unhappy and agree on practical changes.', 'Use a focused engagement check-in or pulse survey to uncover the main source of dissatisfaction.', 'Create a short action plan with the employee and manager around the biggest day-to-day pain point.', 'Set up a career conversation covering the next role, new responsibilities, and what growth could look like over the next 6–12 months.', ""Explore a stretch assignment, mentoring opportunity, or internal move to keep the employee's next step visible."", ""Refresh the employee's development plan and create a concrete next milestone for progression."", 'Be explicit about promotion expectations, timing, and the skills or outcomes needed for the next step.', 'Create a visible growth plan with ownership of a project, mentoring, training, or another development opportunity.', 'Agree on a clear review point so the employee is not left with an open-ended promise about progression.']"
EMP07774,randd,low,3,0.38,0.51,2,120,0,0,67.1,High,"['Low job satisfaction', 'Workload imbalance (too many or too few projects)', 'No recent promotion / stalled growth']","['Start with a confidential stay interview to understand what is making the employee unhappy and agree on practical changes.', 'Use a focused engagement check-in or pulse survey to uncover the main source of dissatisfaction.', 'Create a short action plan with the employee and manager around the biggest day-to-day pain point.', 'Review project allocation and rebalance the workload so responsibilities are challenging without becoming overwhelming.', ""Clarify priorities, remove low-value work where possible, and make sure responsibilities match the employee's role and capacity."", 'Explore a better-fit assignment, additional support, or a stretch opportunity depending on the workload pattern.', 'Be explicit about promotion expectations, timing, and the skills or outcomes needed for the next step.', 'Create a visible growth plan with ownership of a project, mentoring, training, or another development opportunity.', 'Agree on a clear review point so the employee is not left with an open-ended promise about progression.']"
EMP06733,sales,low,3,0.23,0.9,5,234,0,0,67.1,High,"['Low job satisfaction', 'No recent promotion / stalled growth', 'Below-market / low compensation band']","['Start with a confidential stay interview to understand what is making the employee unhappy and agree on practical changes.', 'Use a focused engagement check-in or pulse survey to uncover the main source of dissatisfaction.', 'Create a short action plan with the employee and manager around the biggest day-to-day pain point.', 'Be explicit about promotion expectations, timing, and the skills or outcomes needed for the next step.', 'Create a visible growth plan with ownership of a project, mentoring, training, or another development opportunity.', 'Agree on a clear review point so the employee is not left with an open-ended promise about progression.', 'Review pay against the role and market, and pair the conversation with recognition or other rewards where a change is not immediate.', 'Benchmark compensation for the role and explain the path for future pay progression as clearly as possible.', 'Consider a compensation review alongside recognition, bonus eligibility, flexibility, or development opportunities.']"
EMP08949,sales,medium,5,0.43,0.82,2,221,0,0,67.1,High,"['Low job satisfaction', 'Workload imbalance (too many or too few projects)', 'In a historically high-attrition tenure window']","['Start with a confidential stay interview to understand what is making the employee unhappy and agree on practical changes.', 'Use a focused engagement check-in or pulse survey to uncover the main source of dissatisfaction.', 'Create a short action plan with the employee and manager around the biggest day-to-day pain point.', 'Review project allocation and rebalance the workload so responsibilities are challenging without becoming overwhelming.', ""Clarify priorities, remove low-value work where possible, and make sure responsibilities match the employee's role and capacity."", 'Explore a better-fit assignment, additional support, or a stretch opportunity depending on the workload pattern.', 'Set up a career conversation covering the next role, new responsibilities, and what growth could look like over the next 6–12 months.', ""Explore a stretch assignment, mentoring opportunity, or internal move to keep the employee's next step visible."", ""Refresh the employee's development plan and create a concrete next milestone for progression.""]"
EMP03963,support,medium,5,0.2,0.97,6,224,0,0,67.0,High,"['Low job satisfaction', 'In a historically high-attrition tenure window', 'No recent promotion / stalled growth']","['Start with a confidential stay interview to understand what is making the employee unhappy and agree on practical changes.', 'Use a focused engagement check-in or pulse survey to uncover the main source of dissatisfaction.', 'Create a short action plan with the employee and manager around the biggest day-to-day pain point.', 'Set up a career conversation covering the next role, new responsibilities, and what growth could look like over the next 6–12 months.', ""Explore a stretch assignment, mentoring opportunity, or internal move to keep the employee's next step visible."", ""Refresh the employee's development plan and create a concrete next milestone for progression."", 'Be explicit about promotion expectations, timing, and the skills or outcomes needed for the next step.', 'Create a visible growth plan with ownership of a project, mentoring, training, or another development opportunity.', 'Agree on a clear review point so the employee is not left with an open-ended promise about progression.']"
EMP08905,technical,low,6,0.2,0.5,6,282,0,0,67.0,High,"['Low job satisfaction', 'No recent promotion / stalled growth', 'Below-market / low compensation band']","['Start with a confidential stay interview to understand what is making the employee unhappy and agree on practical changes.', 'Use a focused engagement check-in or pulse survey to uncover the main source of dissatisfaction.', 'Create a short action plan with the employee and manager around the biggest day-to-day pain point.', 'Be explicit about promotion expectations, timing, and the skills or outcomes needed for the next step.', 'Create a visible growth plan with ownership of a project, mentoring, training, or another development opportunity.', 'Agree on a clear review point so the employee is not left with an open-ended promise about progression.', 'Review pay against the role and market, and pair the conversation with recognition or other rewards where a change is not immediate.', 'Benchmark compensation for the role and explain the path for future pay progression as clearly as possible.', 'Consider a compensation review alongside recognition, bonus eligibility, flexibility, or development opportunities.']"
EMP06068,support,low,3,0.35,0.54,2,124,0,0,67.0,High,"['Low job satisfaction', 'Workload imbalance (too many or too few projects)', 'No recent promotion / stalled growth']","['Start with a confidential stay interview to understand what is making the employee unhappy and agree on practical changes.', 'Use a focused engagement check-in or pulse survey to uncover the main source of dissatisfaction.', 'Create a short action plan with the employee and manager around the biggest day-to-day pain point.', 'Review project allocation and rebalance the workload so responsibilities are challenging without becoming overwhelming.', ""Clarify priorities, remove low-value work where possible, and make sure responsibilities match the employee's role and capacity."", 'Explore a better-fit assignment, additional support, or a stretch opportunity depending on the workload pattern.', 'Be explicit about promotion expectations, timing, and the skills or outcomes needed for the next step.', 'Create a visible growth plan with ownership of a project, mentoring, training, or another development opportunity.', 'Agree on a clear review point so the employee is not left with an open-ended promise about progression.']"
EMP04795,randd,low,5,0.27,0.69,2,177,0,0,66.9,High,"['Low job satisfaction', 'Workload imbalance (too many or too few projects)', 'In a historically high-attrition tenure window']","['Start with a confidential stay interview to understand what is making the employee unhappy and agree on practical changes.', 'Use a focused engagement check-in or pulse survey to uncover the main source of dissatisfaction.', 'Create a short action plan with the employee and manager around the biggest day-to-day pain point.', 'Review project allocation and rebalance the workload so responsibilities are challenging without becoming overwhelming.', ""Clarify priorities, remove low-value work where possible, and make sure responsibilities match the employee's role and capacity."", 'Explore a better-fit assignment, additional support, or a stretch opportunity depending on the workload pattern.', 'Set up a career conversation covering the next role, new responsibilities, and what growth could look like over the next 6–12 months.', ""Explore a stretch assignment, mentoring opportunity, or internal move to keep the employee's next step visible."", ""Refresh the employee's development plan and create a concrete next milestone for progression.""]"
EMP05942,randd,low,6,0.22,0.63,5,284,0,0,66.83,High,"['Low job satisfaction', 'No recent promotion / stalled growth', 'Below-market / low compensation band']","['Start with a confidential stay interview to understand what is making the employee unhappy and agree on practical changes.', 'Use a focused engagement check-in or pulse survey to uncover the main source of dissatisfaction.', 'Create a short action plan with the employee and manager around the biggest day-to-day pain point.', 'Be explicit about promotion expectations, timing, and the skills or outcomes needed for the next step.', 'Create a visible growth plan with ownership of a project, mentoring, training, or another development opportunity.', 'Agree on a clear review point so the employee is not left with an open-ended promise about progression.', 'Review pay against the role and market, and pair the conversation with recognition or other rewards where a change is not immediate.', 'Benchmark compensation for the role and explain the path for future pay progression as clearly as possible.', 'Consider a compensation review alongside recognition, bonus eligibility, flexibility, or development opportunities.']"
EMP06596,technical,low,3,0.19,0.85,6,116,0,0,66.8,High,"['Low job satisfaction', 'No recent promotion / stalled growth', 'Below-market / low compensation band']","['Start with a confidential stay interview to understand what is making the employee unhappy and agree on practical changes.', 'Use a focused engagement check-in or pulse survey to uncover the main source of dissatisfaction.', 'Create a short action plan with the employee and manager around the biggest day-to-day pain point.', 'Be explicit about promotion expectations, timing, and the skills or outcomes needed for the next step.', 'Create a visible growth plan with ownership of a project, mentoring, training, or another development opportunity.', 'Agree on a clear review point so the employee is not left with an open-ended promise about progression.', 'Review pay against the role and market, and pair the conversation with recognition or other rewards where a change is not immediate.', 'Benchmark compensation for the role and explain the path for future pay progression as clearly as possible.', 'Consider a compensation review alongside recognition, bonus eligibility, flexibility, or development opportunities.']"
EMP10327,hr,low,3,0.14,0.43,2,238,0,0,66.8,High,"['Low job satisfaction', 'Workload imbalance (too many or too few projects)', 'No recent promotion / stalled growth']","['Start with a confidential stay interview to understand what is making the employee unhappy and agree on practical changes.', 'Use a focused engagement check-in or pulse survey to uncover the main source of dissatisfaction.', 'Create a short action plan with the employee and manager around the biggest day-to-day pain point.', 'Review project allocation and rebalance the workload so responsibilities are challenging without becoming overwhelming.', ""Clarify priorities, remove low-value work where possible, and make sure responsibilities match the employee's role and capacity."", 'Explore a better-fit assignment, additional support, or a stretch opportunity depending on the workload pattern.', 'Be explicit about promotion expectations, timing, and the skills or outcomes needed for the next step.', 'Create a visible growth plan with ownership of a project, mentoring, training, or another development opportunity.', 'Agree on a clear review point so the employee is not left with an open-ended promise about progression.']"
EMP06872,sales,low,3,0.14,0.71,2,155,0,0,66.8,High,"['Low job satisfaction', 'Workload imbalance (too many or too few projects)', 'No recent promotion / stalled growth']","['Start with a confidential stay interview to understand what is making the employee unhappy and agree on practical changes.', 'Use a focused engagement check-in or pulse survey to uncover the main source of dissatisfaction.', 'Create a short action plan with the employee and manager around the biggest day-to-day pain point.', 'Review project allocation and rebalance the workload so responsibilities are challenging without becoming overwhelming.', ""Clarify priorities, remove low-value work where possible, and make sure responsibilities match the employee's role and capacity."", 'Explore a better-fit assignment, additional support, or a stretch opportunity depending on the workload pattern.', 'Be explicit about promotion expectations, timing, and the skills or outcomes needed for the next step.', 'Create a visible growth plan with ownership of a project, mentoring, training, or another development opportunity.', 'Agree on a clear review point so the employee is not left with an open-ended promise about progression.']"
EMP07363,technical,medium,5,0.21,0.85,6,221,0,0,66.7,High,"['Low job satisfaction', 'In a historically high-attrition tenure window', 'No recent promotion / stalled growth']","['Start with a confidential stay interview to understand what is making the employee unhappy and agree on practical changes.', 'Use a focused engagement check-in or pulse survey to uncover the main source of dissatisfaction.', 'Create a short action plan with the employee and manager around the biggest day-to-day pain point.', 'Set up a career conversation covering the next role, new responsibilities, and what growth could look like over the next 6–12 months.', ""Explore a stretch assignment, mentoring opportunity, or internal move to keep the employee's next step visible."", ""Refresh the employee's development plan and create a concrete next milestone for progression."", 'Be explicit about promotion expectations, timing, and the skills or outcomes needed for the next step.', 'Create a visible growth plan with ownership of a project, mentoring, training, or another development opportunity.', 'Agree on a clear review point so the employee is not left with an open-ended promise about progression.']"
EMP10455,marketing,low,3,0.21,0.43,2,249,0,0,66.63,High,"['Low job satisfaction', 'Workload imbalance (too many or too few projects)', 'No recent promotion / stalled growth']","['Start with a confidential stay interview to understand what is making the employee unhappy and agree on practical changes.', 'Use a focused engagement check-in or pulse survey to uncover the main source of dissatisfaction.', 'Create a short action plan with the employee and manager around the biggest day-to-day pain point.', 'Review project allocation and rebalance the workload so responsibilities are challenging without becoming overwhelming.', ""Clarify priorities, remove low-value work where possible, and make sure responsibilities match the employee's role and capacity."", 'Explore a better-fit assignment, additional support, or a stretch opportunity depending on the workload pattern.', 'Be explicit about promotion expectations, timing, and the skills or outcomes needed for the next step.', 'Create a visible growth plan with ownership of a project, mentoring, training, or another development opportunity.', 'Agree on a clear review point so the employee is not left with an open-ended promise about progression.']"
EMP05592,sales,medium,5,0.22,0.58,2,255,0,0,66.61,High,"['Low job satisfaction', 'Workload imbalance (too many or too few projects)', 'In a historically high-attrition tenure window']","['Start with a confidential stay interview to understand what is making the employee unhappy and agree on practical changes.', 'Use a focused engagement check-in or pulse survey to uncover the main source of dissatisfaction.', 'Create a short action plan with the employee and manager around the biggest day-to-day pain point.', 'Review project allocation and rebalance the workload so responsibilities are challenging without becoming overwhelming.', ""Clarify priorities, remove low-value work where possible, and make sure responsibilities match the employee's role and capacity."", 'Explore a better-fit assignment, additional support, or a stretch opportunity depending on the workload pattern.', 'Set up a career conversation covering the next role, new responsibilities, and what growth could look like over the next 6–12 months.', ""Explore a stretch assignment, mentoring opportunity, or internal move to keep the employee's next step visible."", ""Refresh the employee's development plan and create a concrete next milestone for progression.""]"
EMP04007,support,low,5,0.14,0.68,5,253,0,0,66.59,High,"['Low job satisfaction', 'In a historically high-attrition tenure window', 'No recent promotion / stalled growth']","['Start with a confidential stay interview to understand what is making the employee unhappy and agree on practical changes.', 'Use a focused engagement check-in or pulse survey to uncover the main source of dissatisfaction.', 'Create a short action plan with the employee and manager around the biggest day-to-day pain point.', 'Set up a career conversation covering the next role, new responsibilities, and what growth could look like over the next 6–12 months.', ""Explore a stretch assignment, mentoring opportunity, or internal move to keep the employee's next step visible."", ""Refresh the employee's development plan and create a concrete next milestone for progression."", 'Be explicit about promotion expectations, timing, and the skills or outcomes needed for the next step.', 'Create a visible growth plan with ownership of a project, mentoring, training, or another development opportunity.', 'Agree on a clear review point so the employee is not left with an open-ended promise about progression.']"
EMP11110,sales,low,4,0.49,1.0,2,125,0,0,66.55,High,"['Low job satisfaction', 'Workload imbalance (too many or too few projects)', 'In a historically high-attrition tenure window']","['Start with a confidential stay interview to understand what is making the employee unhappy and agree on practical changes.', 'Use a focused engagement check-in or pulse survey to uncover the main source of dissatisfaction.', 'Create a short action plan with the employee and manager around the biggest day-to-day pain point.', 'Review project allocation and rebalance the workload so responsibilities are challenging without becoming overwhelming.', ""Clarify priorities, remove low-value work where possible, and make sure responsibilities match the employee's role and capacity."", 'Explore a better-fit assignment, additional support, or a stretch opportunity depending on the workload pattern.', 'Set up a career conversation covering the next role, new responsibilities, and what growth could look like over the next 6–12 months.', ""Explore a stretch assignment, mentoring opportunity, or internal move to keep the employee's next step visible."", ""Refresh the employee's development plan and create a concrete next milestone for progression.""]"
EMP11316,support,medium,4,0.23,0.94,5,242,0,0,66.53,High,"['Low job satisfaction', 'In a historically high-attrition tenure window', 'No recent promotion / stalled growth']","['Start with a confidential stay interview to understand what is making the employee unhappy and agree on practical changes.', 'Use a focused engagement check-in or pulse survey to uncover the main source of dissatisfaction.', 'Create a short action plan with the employee and manager around the biggest day-to-day pain point.', 'Set up a career conversation covering the next role, new responsibilities, and what growth could look like over the next 6–12 months.', ""Explore a stretch assignment, mentoring opportunity, or internal move to keep the employee's next step visible."", ""Refresh the employee's development plan and create a concrete next milestone for progression."", 'Be explicit about promotion expectations, timing, and the skills or outcomes needed for the next step.', 'Create a visible growth plan with ownership of a project, mentoring, training, or another development opportunity.', 'Agree on a clear review point so the employee is not left with an open-ended promise about progression.']"
EMP08859,sales,low,3,0.15,0.37,2,167,0,0,66.5,High,"['Low job satisfaction', 'Workload imbalance (too many or too few projects)', 'No recent promotion / stalled growth']","['Start with a confidential stay interview to understand what is making the employee unhappy and agree on practical changes.', 'Use a focused engagement check-in or pulse survey to uncover the main source of dissatisfaction.', 'Create a short action plan with the employee and manager around the biggest day-to-day pain point.', 'Review project allocation and rebalance the workload so responsibilities are challenging without becoming overwhelming.', ""Clarify priorities, remove low-value work where possible, and make sure responsibilities match the employee's role and capacity."", 'Explore a better-fit assignment, additional support, or a stretch opportunity depending on the workload pattern.', 'Be explicit about promotion expectations, timing, and the skills or outcomes needed for the next step.', 'Create a visible growth plan with ownership of a project, mentoring, training, or another development opportunity.', 'Agree on a clear review point so the employee is not left with an open-ended promise about progression.']"
EMP03971,sales,low,3,0.15,0.74,2,176,0,0,66.5,High,"['Low job satisfaction', 'Workload imbalance (too many or too few projects)', 'No recent promotion / stalled growth']","['Start with a confidential stay interview to understand what is making the employee unhappy and agree on practical changes.', 'Use a focused engagement check-in or pulse survey to uncover the main source of dissatisfaction.', 'Create a short action plan with the employee and manager around the biggest day-to-day pain point.', 'Review project allocation and rebalance the workload so responsibilities are challenging without becoming overwhelming.', ""Clarify priorities, remove low-value work where possible, and make sure responsibilities match the employee's role and capacity."", 'Explore a better-fit assignment, additional support, or a stretch opportunity depending on the workload pattern.', 'Be explicit about promotion expectations, timing, and the skills or outcomes needed for the next step.', 'Create a visible growth plan with ownership of a project, mentoring, training, or another development opportunity.', 'Agree on a clear review point so the employee is not left with an open-ended promise about progression.']"
EMP07657,hr,low,5,0.46,0.47,6,101,0,0,66.45,High,"['Low job satisfaction', 'Unhealthy working hours (over/under-work)', 'In a historically high-attrition tenure window']","['Start with a confidential stay interview to understand what is making the employee unhappy and agree on practical changes.', 'Use a focused engagement check-in or pulse survey to uncover the main source of dissatisfaction.', 'Create a short action plan with the employee and manager around the biggest day-to-day pain point.', 'Review recent working hours, reset healthy boundaries, and rebalance work where sustained overwork is visible.', 'Discuss workload versus available capacity and encourage healthier working patterns, including time off where appropriate.', 'Look at the cause of unusually long or low hours and adjust staffing, priorities, or schedules where needed.', 'Set up a career conversation covering the next role, new responsibilities, and what growth could look like over the next 6–12 months.', ""Explore a stretch assignment, mentoring opportunity, or internal move to keep the employee's next step visible."", ""Refresh the employee's development plan and create a concrete next milestone for progression.""]"
EMP11686,technical,low,5,0.16,0.96,5,137,0,0,66.45,High,"['Low job satisfaction', 'In a historically high-attrition tenure window', 'No recent promotion / stalled growth']","['Start with a confidential stay interview to understand what is making the employee unhappy and agree on practical changes.', 'Use a focused engagement check-in or pulse survey to uncover the main source of dissatisfaction.', 'Create a short action plan with the employee and manager around the biggest day-to-day pain point.', 'Set up a career conversation covering the next role, new responsibilities, and what growth could look like over the next 6–12 months.', ""Explore a stretch assignment, mentoring opportunity, or internal move to keep the employee's next step visible."", ""Refresh the employee's development plan and create a concrete next milestone for progression."", 'Be explicit about promotion expectations, timing, and the skills or outcomes needed for the next step.', 'Create a visible growth plan with ownership of a project, mentoring, training, or another development opportunity.', 'Agree on a clear review point so the employee is not left with an open-ended promise about progression.']"
EMP04997,technical,medium,4,0.12,0.6,2,194,0,0,66.4,High,"['Low job satisfaction', 'Workload imbalance (too many or too few projects)', 'In a historically high-attrition tenure window']","['Start with a confidential stay interview to understand what is making the employee unhappy and agree on practical changes.', 'Use a focused engagement check-in or pulse survey to uncover the main source of dissatisfaction.', 'Create a short action plan with the employee and manager around the biggest day-to-day pain point.', 'Review project allocation and rebalance the workload so responsibilities are challenging without becoming overwhelming.', ""Clarify priorities, remove low-value work where possible, and make sure responsibilities match the employee's role and capacity."", 'Explore a better-fit assignment, additional support, or a stretch opportunity depending on the workload pattern.', 'Set up a career conversation covering the next role, new responsibilities, and what growth could look like over the next 6–12 months.', ""Explore a stretch assignment, mentoring opportunity, or internal move to keep the employee's next step visible."", ""Refresh the employee's development plan and create a concrete next milestone for progression.""]"
EMP10398,sales,medium,5,0.25,0.82,5,244,0,0,66.36,High,"['Low job satisfaction', 'In a historically high-attrition tenure window', 'No recent promotion / stalled growth']","['Start with a confidential stay interview to understand what is making the employee unhappy and agree on practical changes.', 'Use a focused engagement check-in or pulse survey to uncover the main source of dissatisfaction.', 'Create a short action plan with the employee and manager around the biggest day-to-day pain point.', 'Set up a career conversation covering the next role, new responsibilities, and what growth could look like over the next 6–12 months.', ""Explore a stretch assignment, mentoring opportunity, or internal move to keep the employee's next step visible."", ""Refresh the employee's development plan and create a concrete next milestone for progression."", 'Be explicit about promotion expectations, timing, and the skills or outcomes needed for the next step.', 'Create a visible growth plan with ownership of a project, mentoring, training, or another development opportunity.', 'Agree on a clear review point so the employee is not left with an open-ended promise about progression.']"
EMP03528,sales,medium,5,0.13,0.91,2,149,0,0,66.35,High,"['Low job satisfaction', 'Workload imbalance (too many or too few projects)', 'In a historically high-attrition tenure window']","['Start with a confidential stay interview to understand what is making the employee unhappy and agree on practical changes.', 'Use a focused engagement check-in or pulse survey to uncover the main source of dissatisfaction.', 'Create a short action plan with the employee and manager around the biggest day-to-day pain point.', 'Review project allocation and rebalance the workload so responsibilities are challenging without becoming overwhelming.', ""Clarify priorities, remove low-value work where possible, and make sure responsibilities match the employee's role and capacity."", 'Explore a better-fit assignment, additional support, or a stretch opportunity depending on the workload pattern.', 'Set up a career conversation covering the next role, new responsibilities, and what growth could look like over the next 6–12 months.', ""Explore a stretch assignment, mentoring opportunity, or internal move to keep the employee's next step visible."", ""Refresh the employee's development plan and create a concrete next milestone for progression.""]"
EMP05237,technical,medium,5,0.53,0.95,2,101,0,0,66.35,High,"['Workload imbalance (too many or too few projects)', 'Low job satisfaction', 'Unhealthy working hours (over/under-work)']","['Review project allocation and rebalance the workload so responsibilities are challenging without becoming overwhelming.', ""Clarify priorities, remove low-value work where possible, and make sure responsibilities match the employee's role and capacity."", 'Explore a better-fit assignment, additional support, or a stretch opportunity depending on the workload pattern.', 'Start with a confidential stay interview to understand what is making the employee unhappy and agree on practical changes.', 'Use a focused engagement check-in or pulse survey to uncover the main source of dissatisfaction.', 'Create a short action plan with the employee and manager around the biggest day-to-day pain point.', 'Review recent working hours, reset healthy boundaries, and rebalance work where sustained overwork is visible.', 'Discuss workload versus available capacity and encourage healthier working patterns, including time off where appropriate.', 'Look at the cause of unusually long or low hours and adjust staffing, priorities, or schedules where needed.']"
EMP11897,sales,medium,7,0.21,0.85,6,285,0,0,66.34,High,"['Low job satisfaction', 'No recent promotion / stalled growth', 'High performer showing silent burnout signs']","['Start with a confidential stay interview to understand what is making the employee unhappy and agree on practical changes.', 'Use a focused engagement check-in or pulse survey to uncover the main source of dissatisfaction.', 'Create a short action plan with the employee and manager around the biggest day-to-day pain point.', 'Be explicit about promotion expectations, timing, and the skills or outcomes needed for the next step.', 'Create a visible growth plan with ownership of a project, mentoring, training, or another development opportunity.', 'Agree on a clear review point so the employee is not left with an open-ended promise about progression.', 'Bring the manager and HR together for a priority retention conversation, then reduce avoidable pressure and recognize recent performance.', 'Protect the employee from sustained overload while keeping recognition high; strong performance should not depend on endless extra hours.', ""Use a focused leadership check-in to address burnout signals, workload, recognition, and the employee's longer-term goals.""]"
EMP03862,support,low,5,0.2,0.93,4,101,0,0,66.25,High,"['Low job satisfaction', 'Unhealthy working hours (over/under-work)', 'In a historically high-attrition tenure window']","['Start with a confidential stay interview to understand what is making the employee unhappy and agree on practical changes.', 'Use a focused engagement check-in or pulse survey to uncover the main source of dissatisfaction.', 'Create a short action plan with the employee and manager around the biggest day-to-day pain point.', 'Review recent working hours, reset healthy boundaries, and rebalance work where sustained overwork is visible.', 'Discuss workload versus available capacity and encourage healthier working patterns, including time off where appropriate.', 'Look at the cause of unusually long or low hours and adjust staffing, priorities, or schedules where needed.', 'Set up a career conversation covering the next role, new responsibilities, and what growth could look like over the next 6–12 months.', ""Explore a stretch assignment, mentoring opportunity, or internal move to keep the employee's next step visible."", ""Refresh the employee's development plan and create a concrete next milestone for progression.""]"
EMP09024,sales,low,3,0.43,0.38,2,278,0,0,66.24,High,"['Low job satisfaction', 'Workload imbalance (too many or too few projects)', 'No recent promotion / stalled growth']","['Start with a confidential stay interview to understand what is making the employee unhappy and agree on practical changes.', 'Use a focused engagement check-in or pulse survey to uncover the main source of dissatisfaction.', 'Create a short action plan with the employee and manager around the biggest day-to-day pain point.', 'Review project allocation and rebalance the workload so responsibilities are challenging without becoming overwhelming.', ""Clarify priorities, remove low-value work where possible, and make sure responsibilities match the employee's role and capacity."", 'Explore a better-fit assignment, additional support, or a stretch opportunity depending on the workload pattern.', 'Be explicit about promotion expectations, timing, and the skills or outcomes needed for the next step.', 'Create a visible growth plan with ownership of a project, mentoring, training, or another development opportunity.', 'Agree on a clear review point so the employee is not left with an open-ended promise about progression.']"
EMP04820,sales,low,5,0.19,0.8,4,249,0,0,66.23,High,"['Low job satisfaction', 'In a historically high-attrition tenure window', 'No recent promotion / stalled growth']","['Start with a confidential stay interview to understand what is making the employee unhappy and agree on practical changes.', 'Use a focused engagement check-in or pulse survey to uncover the main source of dissatisfaction.', 'Create a short action plan with the employee and manager around the biggest day-to-day pain point.', 'Set up a career conversation covering the next role, new responsibilities, and what growth could look like over the next 6–12 months.', ""Explore a stretch assignment, mentoring opportunity, or internal move to keep the employee's next step visible."", ""Refresh the employee's development plan and create a concrete next milestone for progression."", 'Be explicit about promotion expectations, timing, and the skills or outcomes needed for the next step.', 'Create a visible growth plan with ownership of a project, mentoring, training, or another development opportunity.', 'Agree on a clear review point so the employee is not left with an open-ended promise about progression.']"
EMP05562,randd,low,6,0.16,0.81,2,159,0,0,66.2,High,"['Low job satisfaction', 'Workload imbalance (too many or too few projects)', 'No recent promotion / stalled growth']","['Start with a confidential stay interview to understand what is making the employee unhappy and agree on practical changes.', 'Use a focused engagement check-in or pulse survey to uncover the main source of dissatisfaction.', 'Create a short action plan with the employee and manager around the biggest day-to-day pain point.', 'Review project allocation and rebalance the workload so responsibilities are challenging without becoming overwhelming.', ""Clarify priorities, remove low-value work where possible, and make sure responsibilities match the employee's role and capacity."", 'Explore a better-fit assignment, additional support, or a stretch opportunity depending on the workload pattern.', 'Be explicit about promotion expectations, timing, and the skills or outcomes needed for the next step.', 'Create a visible growth plan with ownership of a project, mentoring, training, or another development opportunity.', 'Agree on a clear review point so the employee is not left with an open-ended promise about progression.']"
EMP09061,it,low,5,0.39,0.75,5,286,0,0,66.16,High,"['Low job satisfaction', 'In a historically high-attrition tenure window', 'No recent promotion / stalled growth']","['Start with a confidential stay interview to understand what is making the employee unhappy and agree on practical changes.', 'Use a focused engagement check-in or pulse survey to uncover the main source of dissatisfaction.', 'Create a short action plan with the employee and manager around the biggest day-to-day pain point.', 'Set up a career conversation covering the next role, new responsibilities, and what growth could look like over the next 6–12 months.', ""Explore a stretch assignment, mentoring opportunity, or internal move to keep the employee's next step visible."", ""Refresh the employee's development plan and create a concrete next milestone for progression."", 'Be explicit about promotion expectations, timing, and the skills or outcomes needed for the next step.', 'Create a visible growth plan with ownership of a project, mentoring, training, or another development opportunity.', 'Agree on a clear review point so the employee is not left with an open-ended promise about progression.']"
EMP04790,product_mng,low,6,0.33,0.82,5,249,0,0,66.03,High,"['Low job satisfaction', 'No recent promotion / stalled growth', 'Below-market / low compensation band']","['Start with a confidential stay interview to understand what is making the employee unhappy and agree on practical changes.', 'Use a focused engagement check-in or pulse survey to uncover the main source of dissatisfaction.', 'Create a short action plan with the employee and manager around the biggest day-to-day pain point.', 'Be explicit about promotion expectations, timing, and the skills or outcomes needed for the next step.', 'Create a visible growth plan with ownership of a project, mentoring, training, or another development opportunity.', 'Agree on a clear review point so the employee is not left with an open-ended promise about progression.', 'Review pay against the role and market, and pair the conversation with recognition or other rewards where a change is not immediate.', 'Benchmark compensation for the role and explain the path for future pay progression as clearly as possible.', 'Consider a compensation review alongside recognition, bonus eligibility, flexibility, or development opportunities.']"
EMP11028,accounting,low,4,0.3,0.58,2,189,0,0,66.0,High,"['Low job satisfaction', 'Workload imbalance (too many or too few projects)', 'In a historically high-attrition tenure window']","['Start with a confidential stay interview to understand what is making the employee unhappy and agree on practical changes.', 'Use a focused engagement check-in or pulse survey to uncover the main source of dissatisfaction.', 'Create a short action plan with the employee and manager around the biggest day-to-day pain point.', 'Review project allocation and rebalance the workload so responsibilities are challenging without becoming overwhelming.', ""Clarify priorities, remove low-value work where possible, and make sure responsibilities match the employee's role and capacity."", 'Explore a better-fit assignment, additional support, or a stretch opportunity depending on the workload pattern.', 'Set up a career conversation covering the next role, new responsibilities, and what growth could look like over the next 6–12 months.', ""Explore a stretch assignment, mentoring opportunity, or internal move to keep the employee's next step visible."", ""Refresh the employee's development plan and create a concrete next milestone for progression.""]"
EMP10980,randd,low,4,0.32,0.86,4,266,0,0,65.97,High,"['Low job satisfaction', 'In a historically high-attrition tenure window', 'No recent promotion / stalled growth']","['Start with a confidential stay interview to understand what is making the employee unhappy and agree on practical changes.', 'Use a focused engagement check-in or pulse survey to uncover the main source of dissatisfaction.', 'Create a short action plan with the employee and manager around the biggest day-to-day pain point.', 'Set up a career conversation covering the next role, new responsibilities, and what growth could look like over the next 6–12 months.', ""Explore a stretch assignment, mentoring opportunity, or internal move to keep the employee's next step visible."", ""Refresh the employee's development plan and create a concrete next milestone for progression."", 'Be explicit about promotion expectations, timing, and the skills or outcomes needed for the next step.', 'Create a visible growth plan with ownership of a project, mentoring, training, or another development opportunity.', 'Agree on a clear review point so the employee is not left with an open-ended promise about progression.']"
EMP10493,technical,low,3,0.32,0.4,2,132,0,0,65.9,High,"['Low job satisfaction', 'Workload imbalance (too many or too few projects)', 'No recent promotion / stalled growth']","['Start with a confidential stay interview to understand what is making the employee unhappy and agree on practical changes.', 'Use a focused engagement check-in or pulse survey to uncover the main source of dissatisfaction.', 'Create a short action plan with the employee and manager around the biggest day-to-day pain point.', 'Review project allocation and rebalance the workload so responsibilities are challenging without becoming overwhelming.', ""Clarify priorities, remove low-value work where possible, and make sure responsibilities match the employee's role and capacity."", 'Explore a better-fit assignment, additional support, or a stretch opportunity depending on the workload pattern.', 'Be explicit about promotion expectations, timing, and the skills or outcomes needed for the next step.', 'Create a visible growth plan with ownership of a project, mentoring, training, or another development opportunity.', 'Agree on a clear review point so the employee is not left with an open-ended promise about progression.']"
EMP09625,sales,low,5,0.23,0.84,5,131,0,0,65.85,High,"['Low job satisfaction', 'In a historically high-attrition tenure window', 'No recent promotion / stalled growth']","['Start with a confidential stay interview to understand what is making the employee unhappy and agree on practical changes.', 'Use a focused engagement check-in or pulse survey to uncover the main source of dissatisfaction.', 'Create a short action plan with the employee and manager around the biggest day-to-day pain point.', 'Set up a career conversation covering the next role, new responsibilities, and what growth could look like over the next 6–12 months.', ""Explore a stretch assignment, mentoring opportunity, or internal move to keep the employee's next step visible."", ""Refresh the employee's development plan and create a concrete next milestone for progression."", 'Be explicit about promotion expectations, timing, and the skills or outcomes needed for the next step.', 'Create a visible growth plan with ownership of a project, mentoring, training, or another development opportunity.', 'Agree on a clear review point so the employee is not left with an open-ended promise about progression.']"
EMP05747,accounting,medium,4,0.44,0.92,6,268,0,0,65.8,High,"['Low job satisfaction', 'In a historically high-attrition tenure window', 'No recent promotion / stalled growth']","['Start with a confidential stay interview to understand what is making the employee unhappy and agree on practical changes.', 'Use a focused engagement check-in or pulse survey to uncover the main source of dissatisfaction.', 'Create a short action plan with the employee and manager around the biggest day-to-day pain point.', 'Set up a career conversation covering the next role, new responsibilities, and what growth could look like over the next 6–12 months.', ""Explore a stretch assignment, mentoring opportunity, or internal move to keep the employee's next step visible."", ""Refresh the employee's development plan and create a concrete next milestone for progression."", 'Be explicit about promotion expectations, timing, and the skills or outcomes needed for the next step.', 'Create a visible growth plan with ownership of a project, mentoring, training, or another development opportunity.', 'Agree on a clear review point so the employee is not left with an open-ended promise about progression.']"
EMP08498,hr,medium,5,0.24,0.94,6,237,0,0,65.8,High,"['Low job satisfaction', 'In a historically high-attrition tenure window', 'No recent promotion / stalled growth']","['Start with a confidential stay interview to understand what is making the employee unhappy and agree on practical changes.', 'Use a focused engagement check-in or pulse survey to uncover the main source of dissatisfaction.', 'Create a short action plan with the employee and manager around the biggest day-to-day pain point.', 'Set up a career conversation covering the next role, new responsibilities, and what growth could look like over the next 6–12 months.', ""Explore a stretch assignment, mentoring opportunity, or internal move to keep the employee's next step visible."", ""Refresh the employee's development plan and create a concrete next milestone for progression."", 'Be explicit about promotion expectations, timing, and the skills or outcomes needed for the next step.', 'Create a visible growth plan with ownership of a project, mentoring, training, or another development opportunity.', 'Agree on a clear review point so the employee is not left with an open-ended promise about progression.']"
EMP04244,support,low,5,0.14,0.66,6,142,0,0,65.8,High,"['Low job satisfaction', 'In a historically high-attrition tenure window', 'No recent promotion / stalled growth']","['Start with a confidential stay interview to understand what is making the employee unhappy and agree on practical changes.', 'Use a focused engagement check-in or pulse survey to uncover the main source of dissatisfaction.', 'Create a short action plan with the employee and manager around the biggest day-to-day pain point.', 'Set up a career conversation covering the next role, new responsibilities, and what growth could look like over the next 6–12 months.', ""Explore a stretch assignment, mentoring opportunity, or internal move to keep the employee's next step visible."", ""Refresh the employee's development plan and create a concrete next milestone for progression."", 'Be explicit about promotion expectations, timing, and the skills or outcomes needed for the next step.', 'Create a visible growth plan with ownership of a project, mentoring, training, or another development opportunity.', 'Agree on a clear review point so the employee is not left with an open-ended promise about progression.']"
EMP10077,sales,medium,5,0.15,0.8,5,121,0,0,65.75,High,"['Low job satisfaction', 'In a historically high-attrition tenure window', 'No recent promotion / stalled growth']","['Start with a confidential stay interview to understand what is making the employee unhappy and agree on practical changes.', 'Use a focused engagement check-in or pulse survey to uncover the main source of dissatisfaction.', 'Create a short action plan with the employee and manager around the biggest day-to-day pain point.', 'Set up a career conversation covering the next role, new responsibilities, and what growth could look like over the next 6–12 months.', ""Explore a stretch assignment, mentoring opportunity, or internal move to keep the employee's next step visible."", ""Refresh the employee's development plan and create a concrete next milestone for progression."", 'Be explicit about promotion expectations, timing, and the skills or outcomes needed for the next step.', 'Create a visible growth plan with ownership of a project, mentoring, training, or another development opportunity.', 'Agree on a clear review point so the employee is not left with an open-ended promise about progression.']"
EMP08667,support,low,4,0.31,0.79,2,193,0,0,65.7,High,"['Low job satisfaction', 'Workload imbalance (too many or too few projects)', 'In a historically high-attrition tenure window']","['Start with a confidential stay interview to understand what is making the employee unhappy and agree on practical changes.', 'Use a focused engagement check-in or pulse survey to uncover the main source of dissatisfaction.', 'Create a short action plan with the employee and manager around the biggest day-to-day pain point.', 'Review project allocation and rebalance the workload so responsibilities are challenging without becoming overwhelming.', ""Clarify priorities, remove low-value work where possible, and make sure responsibilities match the employee's role and capacity."", 'Explore a better-fit assignment, additional support, or a stretch opportunity depending on the workload pattern.', 'Set up a career conversation covering the next role, new responsibilities, and what growth could look like over the next 6–12 months.', ""Explore a stretch assignment, mentoring opportunity, or internal move to keep the employee's next step visible."", ""Refresh the employee's development plan and create a concrete next milestone for progression.""]"
EMP10946,technical,low,6,0.16,0.94,4,261,0,0,65.7,High,"['Low job satisfaction', 'No recent promotion / stalled growth', 'Below-market / low compensation band']","['Start with a confidential stay interview to understand what is making the employee unhappy and agree on practical changes.', 'Use a focused engagement check-in or pulse survey to uncover the main source of dissatisfaction.', 'Create a short action plan with the employee and manager around the biggest day-to-day pain point.', 'Be explicit about promotion expectations, timing, and the skills or outcomes needed for the next step.', 'Create a visible growth plan with ownership of a project, mentoring, training, or another development opportunity.', 'Agree on a clear review point so the employee is not left with an open-ended promise about progression.', 'Review pay against the role and market, and pair the conversation with recognition or other rewards where a change is not immediate.', 'Benchmark compensation for the role and explain the path for future pay progression as clearly as possible.', 'Consider a compensation review alongside recognition, bonus eligibility, flexibility, or development opportunities.']"
EMP07305,it,low,5,0.31,0.42,2,169,0,0,65.7,High,"['Low job satisfaction', 'Workload imbalance (too many or too few projects)', 'In a historically high-attrition tenure window']","['Start with a confidential stay interview to understand what is making the employee unhappy and agree on practical changes.', 'Use a focused engagement check-in or pulse survey to uncover the main source of dissatisfaction.', 'Create a short action plan with the employee and manager around the biggest day-to-day pain point.', 'Review project allocation and rebalance the workload so responsibilities are challenging without becoming overwhelming.', ""Clarify priorities, remove low-value work where possible, and make sure responsibilities match the employee's role and capacity."", 'Explore a better-fit assignment, additional support, or a stretch opportunity depending on the workload pattern.', 'Set up a career conversation covering the next role, new responsibilities, and what growth could look like over the next 6–12 months.', ""Explore a stretch assignment, mentoring opportunity, or internal move to keep the employee's next step visible."", ""Refresh the employee's development plan and create a concrete next milestone for progression.""]"
EMP05408,randd,low,4,0.18,0.93,3,245,0,0,65.67,High,"['Low job satisfaction', 'In a historically high-attrition tenure window', 'No recent promotion / stalled growth']","['Start with a confidential stay interview to understand what is making the employee unhappy and agree on practical changes.', 'Use a focused engagement check-in or pulse survey to uncover the main source of dissatisfaction.', 'Create a short action plan with the employee and manager around the biggest day-to-day pain point.', 'Set up a career conversation covering the next role, new responsibilities, and what growth could look like over the next 6–12 months.', ""Explore a stretch assignment, mentoring opportunity, or internal move to keep the employee's next step visible."", ""Refresh the employee's development plan and create a concrete next milestone for progression."", 'Be explicit about promotion expectations, timing, and the skills or outcomes needed for the next step.', 'Create a visible growth plan with ownership of a project, mentoring, training, or another development opportunity.', 'Agree on a clear review point so the employee is not left with an open-ended promise about progression.']"
EMP03152,accounting,low,4,0.54,0.5,2,123,0,0,65.55,High,"['Workload imbalance (too many or too few projects)', 'Low job satisfaction', 'In a historically high-attrition tenure window']","['Review project allocation and rebalance the workload so responsibilities are challenging without becoming overwhelming.', ""Clarify priorities, remove low-value work where possible, and make sure responsibilities match the employee's role and capacity."", 'Explore a better-fit assignment, additional support, or a stretch opportunity depending on the workload pattern.', 'Start with a confidential stay interview to understand what is making the employee unhappy and agree on practical changes.', 'Use a focused engagement check-in or pulse survey to uncover the main source of dissatisfaction.', 'Create a short action plan with the employee and manager around the biggest day-to-day pain point.', 'Set up a career conversation covering the next role, new responsibilities, and what growth could look like over the next 6–12 months.', ""Explore a stretch assignment, mentoring opportunity, or internal move to keep the employee's next step visible."", ""Refresh the employee's development plan and create a concrete next milestone for progression.""]"
EMP08790,sales,low,5,0.24,0.78,5,131,0,0,65.55,High,"['Low job satisfaction', 'In a historically high-attrition tenure window', 'No recent promotion / stalled growth']","['Start with a confidential stay interview to understand what is making the employee unhappy and agree on practical changes.', 'Use a focused engagement check-in or pulse survey to uncover the main source of dissatisfaction.', 'Create a short action plan with the employee and manager around the biggest day-to-day pain point.', 'Set up a career conversation covering the next role, new responsibilities, and what growth could look like over the next 6–12 months.', ""Explore a stretch assignment, mentoring opportunity, or internal move to keep the employee's next step visible."", ""Refresh the employee's development plan and create a concrete next milestone for progression."", 'Be explicit about promotion expectations, timing, and the skills or outcomes needed for the next step.', 'Create a visible growth plan with ownership of a project, mentoring, training, or another development opportunity.', 'Agree on a clear review point so the employee is not left with an open-ended promise about progression.']"
EMP04786,it,low,5,0.32,0.72,2,240,0,0,65.4,High,"['Low job satisfaction', 'Workload imbalance (too many or too few projects)', 'In a historically high-attrition tenure window']","['Start with a confidential stay interview to understand what is making the employee unhappy and agree on practical changes.', 'Use a focused engagement check-in or pulse survey to uncover the main source of dissatisfaction.', 'Create a short action plan with the employee and manager around the biggest day-to-day pain point.', 'Review project allocation and rebalance the workload so responsibilities are challenging without becoming overwhelming.', ""Clarify priorities, remove low-value work where possible, and make sure responsibilities match the employee's role and capacity."", 'Explore a better-fit assignment, additional support, or a stretch opportunity depending on the workload pattern.', 'Set up a career conversation covering the next role, new responsibilities, and what growth could look like over the next 6–12 months.', ""Explore a stretch assignment, mentoring opportunity, or internal move to keep the employee's next step visible."", ""Refresh the employee's development plan and create a concrete next milestone for progression.""]"
EMP04975,sales,low,6,0.14,0.73,5,266,0,0,65.37,High,"['Low job satisfaction', 'No recent promotion / stalled growth', 'Below-market / low compensation band']","['Start with a confidential stay interview to understand what is making the employee unhappy and agree on practical changes.', 'Use a focused engagement check-in or pulse survey to uncover the main source of dissatisfaction.', 'Create a short action plan with the employee and manager around the biggest day-to-day pain point.', 'Be explicit about promotion expectations, timing, and the skills or outcomes needed for the next step.', 'Create a visible growth plan with ownership of a project, mentoring, training, or another development opportunity.', 'Agree on a clear review point so the employee is not left with an open-ended promise about progression.', 'Review pay against the role and market, and pair the conversation with recognition or other rewards where a change is not immediate.', 'Benchmark compensation for the role and explain the path for future pay progression as clearly as possible.', 'Consider a compensation review alongside recognition, bonus eligibility, flexibility, or development opportunities.']"
EMP05580,sales,medium,4,0.49,0.89,2,233,0,0,65.3,High,"['Low job satisfaction', 'Workload imbalance (too many or too few projects)', 'In a historically high-attrition tenure window']","['Start with a confidential stay interview to understand what is making the employee unhappy and agree on practical changes.', 'Use a focused engagement check-in or pulse survey to uncover the main source of dissatisfaction.', 'Create a short action plan with the employee and manager around the biggest day-to-day pain point.', 'Review project allocation and rebalance the workload so responsibilities are challenging without becoming overwhelming.', ""Clarify priorities, remove low-value work where possible, and make sure responsibilities match the employee's role and capacity."", 'Explore a better-fit assignment, additional support, or a stretch opportunity depending on the workload pattern.', 'Set up a career conversation covering the next role, new responsibilities, and what growth could look like over the next 6–12 months.', ""Explore a stretch assignment, mentoring opportunity, or internal move to keep the employee's next step visible."", ""Refresh the employee's development plan and create a concrete next milestone for progression.""]"
EMP04924,support,medium,3,0.39,0.38,2,106,0,0,65.3,High,"['Low job satisfaction', 'Workload imbalance (too many or too few projects)', 'Unhealthy working hours (over/under-work)']","['Start with a confidential stay interview to understand what is making the employee unhappy and agree on practical changes.', 'Use a focused engagement check-in or pulse survey to uncover the main source of dissatisfaction.', 'Create a short action plan with the employee and manager around the biggest day-to-day pain point.', 'Review project allocation and rebalance the workload so responsibilities are challenging without becoming overwhelming.', ""Clarify priorities, remove low-value work where possible, and make sure responsibilities match the employee's role and capacity."", 'Explore a better-fit assignment, additional support, or a stretch opportunity depending on the workload pattern.', 'Review recent working hours, reset healthy boundaries, and rebalance work where sustained overwork is visible.', 'Discuss workload versus available capacity and encourage healthier working patterns, including time off where appropriate.', 'Look at the cause of unusually long or low hours and adjust staffing, priorities, or schedules where needed.']"
EMP11134,technical,high,6,0.13,0.9,5,264,0,0,65.24,High,"['Low job satisfaction', 'No recent promotion / stalled growth', 'High performer showing silent burnout signs']","['Start with a confidential stay interview to understand what is making the employee unhappy and agree on practical changes.', 'Use a focused engagement check-in or pulse survey to uncover the main source of dissatisfaction.', 'Create a short action plan with the employee and manager around the biggest day-to-day pain point.', 'Be explicit about promotion expectations, timing, and the skills or outcomes needed for the next step.', 'Create a visible growth plan with ownership of a project, mentoring, training, or another development opportunity.', 'Agree on a clear review point so the employee is not left with an open-ended promise about progression.', 'Bring the manager and HR together for a priority retention conversation, then reduce avoidable pressure and recognize recent performance.', 'Protect the employee from sustained overload while keeping recognition high; strong performance should not depend on endless extra hours.', ""Use a focused leadership check-in to address burnout signals, workload, recognition, and the employee's longer-term goals.""]"
EMP02412,support,low,5,0.15,0.51,6,248,0,0,65.21,High,"['Low job satisfaction', 'In a historically high-attrition tenure window', 'No recent promotion / stalled growth']","['Start with a confidential stay interview to understand what is making the employee unhappy and agree on practical changes.', 'Use a focused engagement check-in or pulse survey to uncover the main source of dissatisfaction.', 'Create a short action plan with the employee and manager around the biggest day-to-day pain point.', 'Set up a career conversation covering the next role, new responsibilities, and what growth could look like over the next 6–12 months.', ""Explore a stretch assignment, mentoring opportunity, or internal move to keep the employee's next step visible."", ""Refresh the employee's development plan and create a concrete next milestone for progression."", 'Be explicit about promotion expectations, timing, and the skills or outcomes needed for the next step.', 'Create a visible growth plan with ownership of a project, mentoring, training, or another development opportunity.', 'Agree on a clear review point so the employee is not left with an open-ended promise about progression.']"
EMP09831,product_mng,low,3,0.37,0.41,6,101,0,0,65.15,High,"['Low job satisfaction', 'Unhealthy working hours (over/under-work)', 'No recent promotion / stalled growth']","['Start with a confidential stay interview to understand what is making the employee unhappy and agree on practical changes.', 'Use a focused engagement check-in or pulse survey to uncover the main source of dissatisfaction.', 'Create a short action plan with the employee and manager around the biggest day-to-day pain point.', 'Review recent working hours, reset healthy boundaries, and rebalance work where sustained overwork is visible.', 'Discuss workload versus available capacity and encourage healthier working patterns, including time off where appropriate.', 'Look at the cause of unusually long or low hours and adjust staffing, priorities, or schedules where needed.', 'Be explicit about promotion expectations, timing, and the skills or outcomes needed for the next step.', 'Create a visible growth plan with ownership of a project, mentoring, training, or another development opportunity.', 'Agree on a clear review point so the employee is not left with an open-ended promise about progression.']"
EMP03882,marketing,medium,3,0.42,0.56,2,103,0,0,65.15,High,"['Low job satisfaction', 'Workload imbalance (too many or too few projects)', 'Unhealthy working hours (over/under-work)']","['Start with a confidential stay interview to understand what is making the employee unhappy and agree on practical changes.', 'Use a focused engagement check-in or pulse survey to uncover the main source of dissatisfaction.', 'Create a short action plan with the employee and manager around the biggest day-to-day pain point.', 'Review project allocation and rebalance the workload so responsibilities are challenging without becoming overwhelming.', ""Clarify priorities, remove low-value work where possible, and make sure responsibilities match the employee's role and capacity."", 'Explore a better-fit assignment, additional support, or a stretch opportunity depending on the workload pattern.', 'Review recent working hours, reset healthy boundaries, and rebalance work where sustained overwork is visible.', 'Discuss workload versus available capacity and encourage healthier working patterns, including time off where appropriate.', 'Look at the cause of unusually long or low hours and adjust staffing, priorities, or schedules where needed.']"
EMP07183,sales,low,4,0.27,0.96,3,255,0,0,65.11,High,"['Low job satisfaction', 'In a historically high-attrition tenure window', 'No recent promotion / stalled growth']","['Start with a confidential stay interview to understand what is making the employee unhappy and agree on practical changes.', 'Use a focused engagement check-in or pulse survey to uncover the main source of dissatisfaction.', 'Create a short action plan with the employee and manager around the biggest day-to-day pain point.', 'Set up a career conversation covering the next role, new responsibilities, and what growth could look like over the next 6–12 months.', ""Explore a stretch assignment, mentoring opportunity, or internal move to keep the employee's next step visible."", ""Refresh the employee's development plan and create a concrete next milestone for progression."", 'Be explicit about promotion expectations, timing, and the skills or outcomes needed for the next step.', 'Create a visible growth plan with ownership of a project, mentoring, training, or another development opportunity.', 'Agree on a clear review point so the employee is not left with an open-ended promise about progression.']"
EMP10171,sales,low,5,0.33,0.65,2,239,0,0,65.1,High,"['Low job satisfaction', 'Workload imbalance (too many or too few projects)', 'In a historically high-attrition tenure window']","['Start with a confidential stay interview to understand what is making the employee unhappy and agree on practical changes.', 'Use a focused engagement check-in or pulse survey to uncover the main source of dissatisfaction.', 'Create a short action plan with the employee and manager around the biggest day-to-day pain point.', 'Review project allocation and rebalance the workload so responsibilities are challenging without becoming overwhelming.', ""Clarify priorities, remove low-value work where possible, and make sure responsibilities match the employee's role and capacity."", 'Explore a better-fit assignment, additional support, or a stretch opportunity depending on the workload pattern.', 'Set up a career conversation covering the next role, new responsibilities, and what growth could look like over the next 6–12 months.', ""Explore a stretch assignment, mentoring opportunity, or internal move to keep the employee's next step visible."", ""Refresh the employee's development plan and create a concrete next milestone for progression.""]"
EMP04138,sales,low,4,0.18,0.81,5,140,0,0,65.1,High,"['Low job satisfaction', 'In a historically high-attrition tenure window', 'No recent promotion / stalled growth']","['Start with a confidential stay interview to understand what is making the employee unhappy and agree on practical changes.', 'Use a focused engagement check-in or pulse survey to uncover the main source of dissatisfaction.', 'Create a short action plan with the employee and manager around the biggest day-to-day pain point.', 'Set up a career conversation covering the next role, new responsibilities, and what growth could look like over the next 6–12 months.', ""Explore a stretch assignment, mentoring opportunity, or internal move to keep the employee's next step visible."", ""Refresh the employee's development plan and create a concrete next milestone for progression."", 'Be explicit about promotion expectations, timing, and the skills or outcomes needed for the next step.', 'Create a visible growth plan with ownership of a project, mentoring, training, or another development opportunity.', 'Agree on a clear review point so the employee is not left with an open-ended promise about progression.']"
EMP04103,product_mng,medium,3,0.13,1.0,6,225,0,0,65.1,High,"['Low job satisfaction', 'No recent promotion / stalled growth', 'High performer showing silent burnout signs']","['Start with a confidential stay interview to understand what is making the employee unhappy and agree on practical changes.', 'Use a focused engagement check-in or pulse survey to uncover the main source of dissatisfaction.', 'Create a short action plan with the employee and manager around the biggest day-to-day pain point.', 'Be explicit about promotion expectations, timing, and the skills or outcomes needed for the next step.', 'Create a visible growth plan with ownership of a project, mentoring, training, or another development opportunity.', 'Agree on a clear review point so the employee is not left with an open-ended promise about progression.', 'Bring the manager and HR together for a priority retention conversation, then reduce avoidable pressure and recognize recent performance.', 'Protect the employee from sustained overload while keeping recognition high; strong performance should not depend on endless extra hours.', ""Use a focused leadership check-in to address burnout signals, workload, recognition, and the employee's longer-term goals.""]"
EMP05334,marketing,low,6,0.28,0.9,4,275,0,0,65.1,High,"['Low job satisfaction', 'No recent promotion / stalled growth', 'Below-market / low compensation band']","['Start with a confidential stay interview to understand what is making the employee unhappy and agree on practical changes.', 'Use a focused engagement check-in or pulse survey to uncover the main source of dissatisfaction.', 'Create a short action plan with the employee and manager around the biggest day-to-day pain point.', 'Be explicit about promotion expectations, timing, and the skills or outcomes needed for the next step.', 'Create a visible growth plan with ownership of a project, mentoring, training, or another development opportunity.', 'Agree on a clear review point so the employee is not left with an open-ended promise about progression.', 'Review pay against the role and market, and pair the conversation with recognition or other rewards where a change is not immediate.', 'Benchmark compensation for the role and explain the path for future pay progression as clearly as possible.', 'Consider a compensation review alongside recognition, bonus eligibility, flexibility, or development opportunities.']"
EMP06075,support,low,5,0.19,0.76,3,107,0,0,65.05,High,"['Low job satisfaction', 'Unhealthy working hours (over/under-work)', 'In a historically high-attrition tenure window']","['Start with a confidential stay interview to understand what is making the employee unhappy and agree on practical changes.', 'Use a focused engagement check-in or pulse survey to uncover the main source of dissatisfaction.', 'Create a short action plan with the employee and manager around the biggest day-to-day pain point.', 'Review recent working hours, reset healthy boundaries, and rebalance work where sustained overwork is visible.', 'Discuss workload versus available capacity and encourage healthier working patterns, including time off where appropriate.', 'Look at the cause of unusually long or low hours and adjust staffing, priorities, or schedules where needed.', 'Set up a career conversation covering the next role, new responsibilities, and what growth could look like over the next 6–12 months.', ""Explore a stretch assignment, mentoring opportunity, or internal move to keep the employee's next step visible."", ""Refresh the employee's development plan and create a concrete next milestone for progression.""]"
EMP03122,marketing,low,5,0.17,0.59,5,250,0,0,65.04,High,"['Low job satisfaction', 'In a historically high-attrition tenure window', 'No recent promotion / stalled growth']","['Start with a confidential stay interview to understand what is making the employee unhappy and agree on practical changes.', 'Use a focused engagement check-in or pulse survey to uncover the main source of dissatisfaction.', 'Create a short action plan with the employee and manager around the biggest day-to-day pain point.', 'Set up a career conversation covering the next role, new responsibilities, and what growth could look like over the next 6–12 months.', ""Explore a stretch assignment, mentoring opportunity, or internal move to keep the employee's next step visible."", ""Refresh the employee's development plan and create a concrete next milestone for progression."", 'Be explicit about promotion expectations, timing, and the skills or outcomes needed for the next step.', 'Create a visible growth plan with ownership of a project, mentoring, training, or another development opportunity.', 'Agree on a clear review point so the employee is not left with an open-ended promise about progression.']"
EMP09005,marketing,low,4,0.35,0.78,5,275,0,0,65.0,High,"['Low job satisfaction', 'In a historically high-attrition tenure window', 'No recent promotion / stalled growth']","['Start with a confidential stay interview to understand what is making the employee unhappy and agree on practical changes.', 'Use a focused engagement check-in or pulse survey to uncover the main source of dissatisfaction.', 'Create a short action plan with the employee and manager around the biggest day-to-day pain point.', 'Set up a career conversation covering the next role, new responsibilities, and what growth could look like over the next 6–12 months.', ""Explore a stretch assignment, mentoring opportunity, or internal move to keep the employee's next step visible."", ""Refresh the employee's development plan and create a concrete next milestone for progression."", 'Be explicit about promotion expectations, timing, and the skills or outcomes needed for the next step.', 'Create a visible growth plan with ownership of a project, mentoring, training, or another development opportunity.', 'Agree on a clear review point so the employee is not left with an open-ended promise about progression.']"
